-- phpMyAdmin SQL Dump
-- version 5.0.1
-- https://www.phpmyadmin.net/
--
-- Host: 127.0.0.1
-- Generation Time: Oct 11, 2020 at 08:31 PM
-- Server version: 10.4.11-MariaDB
-- PHP Version: 7.2.28

SET SQL_MODE = "NO_AUTO_VALUE_ON_ZERO";
SET AUTOCOMMIT = 0;
START TRANSACTION;
SET time_zone = "+00:00";


/*!40101 SET @OLD_CHARACTER_SET_CLIENT=@@CHARACTER_SET_CLIENT */;
/*!40101 SET @OLD_CHARACTER_SET_RESULTS=@@CHARACTER_SET_RESULTS */;
/*!40101 SET @OLD_COLLATION_CONNECTION=@@COLLATION_CONNECTION */;
/*!40101 SET NAMES utf8mb4 */;

--
-- Database: `api`
--

-- --------------------------------------------------------

--
-- Table structure for table `failed_jobs`
--

CREATE TABLE `failed_jobs` (
  `id` bigint(20) UNSIGNED NOT NULL,
  `connection` text COLLATE utf8mb4_unicode_ci NOT NULL,
  `queue` text COLLATE utf8mb4_unicode_ci NOT NULL,
  `payload` longtext COLLATE utf8mb4_unicode_ci NOT NULL,
  `exception` longtext COLLATE utf8mb4_unicode_ci NOT NULL,
  `failed_at` timestamp NOT NULL DEFAULT current_timestamp()
) ENGINE=InnoDB DEFAULT CHARSET=utf8mb4 COLLATE=utf8mb4_unicode_ci;

-- --------------------------------------------------------

--
-- Table structure for table `migrations`
--

CREATE TABLE `migrations` (
  `id` int(10) UNSIGNED NOT NULL,
  `migration` varchar(255) COLLATE utf8mb4_unicode_ci NOT NULL,
  `batch` int(11) NOT NULL
) ENGINE=InnoDB DEFAULT CHARSET=utf8mb4 COLLATE=utf8mb4_unicode_ci;

--
-- Dumping data for table `migrations`
--

INSERT INTO `migrations` (`id`, `migration`, `batch`) VALUES
(1, '2014_10_12_000000_create_users_table', 1),
(2, '2014_10_12_100000_create_password_resets_table', 1),
(3, '2019_08_19_000000_create_failed_jobs_table', 1),
(4, '2020_10_11_121747_create_products_table', 1),
(5, '2020_10_11_121812_create_reviews_table', 1);

-- --------------------------------------------------------

--
-- Table structure for table `password_resets`
--

CREATE TABLE `password_resets` (
  `email` varchar(255) COLLATE utf8mb4_unicode_ci NOT NULL,
  `token` varchar(255) COLLATE utf8mb4_unicode_ci NOT NULL,
  `created_at` timestamp NULL DEFAULT NULL
) ENGINE=InnoDB DEFAULT CHARSET=utf8mb4 COLLATE=utf8mb4_unicode_ci;

-- --------------------------------------------------------

--
-- Table structure for table `products`
--

CREATE TABLE `products` (
  `id` int(10) UNSIGNED NOT NULL,
  `name` varchar(255) COLLATE utf8mb4_unicode_ci NOT NULL,
  `detail` text COLLATE utf8mb4_unicode_ci NOT NULL,
  `price` int(11) NOT NULL,
  `stock` int(11) NOT NULL,
  `discount` int(11) NOT NULL,
  `created_at` timestamp NULL DEFAULT NULL,
  `updated_at` timestamp NULL DEFAULT NULL
) ENGINE=InnoDB DEFAULT CHARSET=utf8mb4 COLLATE=utf8mb4_unicode_ci;

--
-- Dumping data for table `products`
--

INSERT INTO `products` (`id`, `name`, `detail`, `price`, `stock`, `discount`, `created_at`, `updated_at`) VALUES
(1, 'voluptates', 'Assumenda molestiae accusantium dolores non possimus totam ad. Adipisci nisi sequi rerum repellat. Vel optio culpa aspernatur tempora voluptate temporibus.', 174, 0, 16, '2020-10-11 09:22:32', '2020-10-11 09:22:32'),
(2, 'optio', 'Dolor ut modi esse cumque blanditiis possimus et. Eius eius autem et vel consequatur quibusdam. Consectetur soluta omnis repudiandae ut voluptatem in voluptas voluptas. Ipsa a aliquam et ratione iusto alias quo. Sit porro et delectus distinctio vero.', 809, 9, 6, '2020-10-11 09:22:32', '2020-10-11 09:22:32'),
(3, 'nihil', 'Temporibus similique ea similique ducimus autem. Quae vitae exercitationem eius.', 452, 2, 26, '2020-10-11 09:22:32', '2020-10-11 09:22:32'),
(4, 'earum', 'Aperiam adipisci enim eum facere. Aut et nisi fugiat quas quibusdam sint deserunt. Omnis atque numquam suscipit ipsum recusandae.', 397, 9, 22, '2020-10-11 09:22:32', '2020-10-11 09:22:32'),
(5, 'molestias', 'Fugiat quasi eligendi natus blanditiis eligendi id voluptates. Quam consequatur qui et laudantium qui provident. Accusamus doloremque ea ullam aut et et iusto. Rem voluptatibus ut ab perferendis nihil omnis aut.', 783, 2, 9, '2020-10-11 09:22:32', '2020-10-11 09:22:32'),
(6, 'sint', 'Esse inventore omnis repellendus. Et vel nihil blanditiis assumenda. Quod aut natus voluptatem soluta. Voluptatem vel aperiam similique repellat nulla et quo. Sunt cumque laudantium nihil assumenda magni.', 963, 7, 2, '2020-10-11 09:22:32', '2020-10-11 09:22:32'),
(7, 'perspiciatis', 'Minus reprehenderit voluptatem quia eos. Id modi enim qui doloremque soluta qui velit. Molestiae et autem officiis sint. Et aliquid ipsam rerum quo voluptatem.', 818, 9, 27, '2020-10-11 09:22:32', '2020-10-11 09:22:32'),
(8, 'dolorem', 'Sapiente id placeat consectetur fugiat alias cum quisquam est. Qui dignissimos architecto est sit sed itaque. Tempora velit exercitationem cupiditate eos architecto distinctio.', 572, 6, 10, '2020-10-11 09:22:32', '2020-10-11 09:22:32'),
(9, 'minus', 'Quis aut molestias voluptas quas consectetur iure reprehenderit. Ratione ratione ducimus dolores labore. Nisi nemo voluptatem cupiditate in sint veniam. Adipisci dolore eius et voluptates quam.', 546, 5, 14, '2020-10-11 09:22:33', '2020-10-11 09:22:33'),
(10, 'beatae', 'Ut et necessitatibus aut cumque velit ab et. Omnis aliquid omnis soluta ut. Ut consectetur iste porro sunt perspiciatis. Mollitia velit voluptas numquam et qui.', 695, 7, 7, '2020-10-11 09:22:33', '2020-10-11 09:22:33'),
(11, 'veniam', 'Labore explicabo et tenetur aut. Laudantium fuga inventore non eligendi incidunt aspernatur accusantium. Nihil reprehenderit optio velit cum.', 515, 1, 8, '2020-10-11 09:22:33', '2020-10-11 09:22:33'),
(12, 'incidunt', 'Explicabo minima accusamus error impedit. Incidunt sequi aperiam qui consequatur repellendus. Autem ut dignissimos veritatis itaque suscipit. Officia eos perspiciatis et ex quia.', 611, 6, 5, '2020-10-11 09:22:33', '2020-10-11 09:22:33'),
(13, 'molestias', 'Quo similique aliquid velit suscipit sapiente dicta vero. Tenetur molestias in mollitia ratione voluptas. Blanditiis temporibus fugiat praesentium quia ad facilis. Corporis sunt vitae veniam voluptate provident exercitationem ut.', 684, 3, 22, '2020-10-11 09:22:33', '2020-10-11 09:22:33'),
(14, 'incidunt', 'Ut aut quidem et. Commodi et reprehenderit aut laboriosam ullam a expedita minus. Placeat cupiditate ipsum et nam voluptatibus explicabo.', 233, 2, 19, '2020-10-11 09:22:33', '2020-10-11 09:22:33'),
(15, 'voluptas', 'Non fugit repellat ea nam magni. Nihil sit dolore facere eius. Voluptatem et consectetur facilis incidunt ullam dolorum dicta.', 185, 2, 2, '2020-10-11 09:22:33', '2020-10-11 09:22:33'),
(16, 'quis', 'Et velit illum excepturi earum. Atque voluptatibus sed adipisci error veritatis velit. Qui non a eligendi. Et mollitia temporibus in vitae dolores vitae.', 798, 6, 6, '2020-10-11 09:22:33', '2020-10-11 09:22:33'),
(17, 'aut', 'Voluptas ea tempora nostrum quo voluptatem. Sint veritatis neque dolorem numquam qui. In minima molestiae deserunt accusamus. Voluptas nemo porro omnis et vel non tempore.', 911, 5, 12, '2020-10-11 09:22:33', '2020-10-11 09:22:33'),
(18, 'et', 'Nostrum vel amet tempore eligendi officia voluptas. Fugit suscipit cumque maxime culpa aut explicabo ut voluptas. Quia iusto illo ipsa. Dolor voluptatum in qui porro in autem et. Recusandae voluptatum et fugit eligendi qui laboriosam id.', 238, 2, 12, '2020-10-11 09:22:33', '2020-10-11 09:22:33'),
(19, 'impedit', 'Voluptatum quia non sunt et eum magnam voluptate. Nesciunt ut reiciendis nihil architecto aperiam. Magni reprehenderit ab eum minus. Consequatur ut accusantium similique quia voluptatem impedit ut.', 842, 4, 28, '2020-10-11 09:22:33', '2020-10-11 09:22:33'),
(20, 'quaerat', 'Soluta enim modi corrupti quam aliquid ut. Error non veniam aut sed tempore voluptatem et. A ut quibusdam et ipsam rem quae.', 940, 0, 3, '2020-10-11 09:22:33', '2020-10-11 09:22:33'),
(21, 'esse', 'Quo omnis dolor quidem quae consequatur. Explicabo et sed temporibus dolores omnis. Aut inventore adipisci incidunt. Quo rerum odit consectetur impedit consequuntur.', 150, 1, 14, '2020-10-11 09:22:33', '2020-10-11 09:22:33'),
(22, 'ipsam', 'Magni voluptatem architecto sequi. Est earum consequatur et rerum. Minus ipsa aut et sed.', 891, 9, 16, '2020-10-11 09:22:33', '2020-10-11 09:22:33'),
(23, 'in', 'Tenetur non amet iusto sit sed voluptatem. Magni aut quidem reiciendis laudantium saepe sequi cum. Commodi sint nulla unde dolores.', 273, 7, 28, '2020-10-11 09:22:33', '2020-10-11 09:22:33'),
(24, 'excepturi', 'Accusamus temporibus quis aut impedit praesentium repellat nemo. Quia aliquid quisquam amet et dolore commodi laudantium corrupti. Rem labore neque maiores pariatur eum.', 282, 4, 20, '2020-10-11 09:22:33', '2020-10-11 09:22:33'),
(25, 'quia', 'Asperiores rerum quos libero. Magnam labore et sequi labore consequatur iste doloremque. Excepturi officiis alias nostrum quis provident assumenda.', 780, 8, 15, '2020-10-11 09:22:33', '2020-10-11 09:22:33'),
(26, 'doloribus', 'Sit totam nisi ut aut harum est. Voluptatem omnis impedit voluptas ea temporibus deleniti dolores molestiae. Pariatur sed velit veniam quo assumenda asperiores.', 727, 6, 17, '2020-10-11 09:22:33', '2020-10-11 09:22:33'),
(27, 'ex', 'Sed et suscipit aut quibusdam expedita excepturi libero consequuntur. Vel id dolor tempora optio. Dolores nam eos eius dolores provident sint repudiandae. Dolor autem dolorem maxime et soluta.', 940, 9, 12, '2020-10-11 09:22:34', '2020-10-11 09:22:34'),
(28, 'incidunt', 'Aliquid itaque et ut et. Ducimus eum officiis facere ex officiis. Expedita similique fugiat nulla fugit.', 294, 9, 20, '2020-10-11 09:22:34', '2020-10-11 09:22:34'),
(29, 'non', 'Voluptatem a praesentium voluptates aut saepe consectetur suscipit. Perspiciatis dolores dicta saepe dolor adipisci exercitationem quaerat. Ex nihil facere ratione placeat temporibus sunt ut. Est soluta minus in ut sed et et.', 771, 1, 15, '2020-10-11 09:22:34', '2020-10-11 09:22:34'),
(30, 'incidunt', 'Amet cupiditate quae similique in ea dolorem atque. Voluptas eligendi repellendus magnam. Corporis ipsum odit omnis beatae et et omnis. Itaque porro earum est iusto placeat ut qui.', 172, 9, 11, '2020-10-11 09:22:34', '2020-10-11 09:22:34'),
(31, 'fugit', 'Magni et dolorem est perspiciatis deleniti unde voluptatem. Consequuntur deleniti odit et.', 405, 6, 21, '2020-10-11 09:22:34', '2020-10-11 09:22:34'),
(32, 'nostrum', 'Fugiat ut aliquid modi quam. Aut eum qui minima pariatur quasi facilis provident. Deleniti molestias eum illo.', 883, 7, 15, '2020-10-11 09:22:34', '2020-10-11 09:22:34'),
(33, 'omnis', 'Et qui repudiandae commodi alias ab non. Inventore ut sit ullam dolorum eveniet corporis. Excepturi accusamus natus odio qui nam quis voluptate modi. Iusto vel nemo quisquam earum corporis culpa qui.', 417, 8, 25, '2020-10-11 09:22:34', '2020-10-11 09:22:34'),
(34, 'minima', 'Quae et voluptatem velit qui sit voluptatem. Laboriosam nostrum est voluptas. Ex ut quibusdam rerum modi inventore inventore vel.', 660, 9, 23, '2020-10-11 09:22:34', '2020-10-11 09:22:34'),
(35, 'sed', 'Aut voluptas aut velit laudantium ipsa. Ut ut mollitia nesciunt rerum. Repudiandae non voluptatibus quasi deleniti veniam.', 344, 1, 17, '2020-10-11 09:22:34', '2020-10-11 09:22:34'),
(36, 'est', 'Consequatur officia necessitatibus nulla odit dolores omnis vel. Reiciendis autem omnis qui voluptatem ut corporis illo. Dicta officiis laudantium voluptatem temporibus eos odio laborum. Eum debitis autem eum et nemo provident.', 610, 6, 11, '2020-10-11 09:22:34', '2020-10-11 09:22:34'),
(37, 'explicabo', 'Quaerat quo non voluptatibus expedita. Porro facilis blanditiis consequuntur aperiam aspernatur reprehenderit.', 638, 2, 15, '2020-10-11 09:22:34', '2020-10-11 09:22:34'),
(38, 'a', 'Facilis velit molestiae in et culpa debitis. Voluptates eius consectetur eos blanditiis ut dolores deleniti ea. Quod sunt voluptatem autem occaecati. Animi odit aut eum labore et rerum.', 339, 6, 8, '2020-10-11 09:22:34', '2020-10-11 09:22:34'),
(39, 'exercitationem', 'Impedit quo quidem eius enim ratione corrupti illo. Iure magni et ducimus nobis deserunt enim omnis. Aliquid quia sunt est fuga id dolore. Enim debitis sed est et.', 221, 1, 26, '2020-10-11 09:22:34', '2020-10-11 09:22:34'),
(40, 'ea', 'Et id iusto cum iste sit. Voluptatem sed temporibus enim voluptatem alias explicabo aut. Voluptatem dolor qui et vitae expedita corrupti.', 710, 8, 13, '2020-10-11 09:22:34', '2020-10-11 09:22:34'),
(41, 'dolor', 'Enim suscipit et natus. Aliquam aliquam non eos quibusdam assumenda eaque. Modi sed ea in. Nulla natus delectus sequi minus eveniet quia enim. Dolor doloribus possimus quis rerum ullam ut.', 746, 4, 8, '2020-10-11 09:22:34', '2020-10-11 09:22:34'),
(42, 'accusantium', 'Voluptates adipisci modi distinctio repellendus accusantium facilis. Non laborum omnis et.', 883, 5, 5, '2020-10-11 09:22:34', '2020-10-11 09:22:34'),
(43, 'natus', 'Magni impedit omnis excepturi vero consectetur nam. Ipsam voluptate consequuntur eaque repudiandae sequi laudantium et. Quisquam et consequuntur amet est. Maiores minima quod non. Similique neque deleniti tempore optio aspernatur sed.', 157, 4, 12, '2020-10-11 09:22:34', '2020-10-11 09:22:34'),
(44, 'doloremque', 'Voluptas molestias alias rerum dolorum modi ut. Consequatur iusto et et. Commodi recusandae et numquam accusantium velit dolorem voluptatum. Optio inventore voluptatum delectus illum suscipit eos.', 109, 7, 6, '2020-10-11 09:22:34', '2020-10-11 09:22:34'),
(45, 'ut', 'Aut mollitia error expedita enim dolor. Eum perferendis numquam beatae quidem commodi nihil expedita. Fuga quis eaque odit incidunt molestiae.', 907, 4, 4, '2020-10-11 09:22:34', '2020-10-11 09:22:34'),
(46, 'animi', 'Dolor nisi aut doloribus repudiandae et recusandae natus. Ut reprehenderit dolorem similique. Placeat at est eum quos suscipit quo.', 448, 3, 11, '2020-10-11 09:22:34', '2020-10-11 09:22:34'),
(47, 'rerum', 'Aspernatur voluptatem dolorem cum laborum at quos repellat. Dolorem et illum inventore hic.', 473, 5, 13, '2020-10-11 09:22:34', '2020-10-11 09:22:34'),
(48, 'suscipit', 'Nemo et at natus non est. Vero deleniti aliquam ad tempore atque iure. Architecto sapiente consectetur consectetur.', 455, 3, 11, '2020-10-11 09:22:34', '2020-10-11 09:22:34'),
(49, 'impedit', 'Quisquam harum odio cum placeat laboriosam qui. Voluptatem consequatur dolor neque qui. Reprehenderit dolorum consequatur vitae incidunt.', 328, 0, 7, '2020-10-11 09:22:34', '2020-10-11 09:22:34'),
(50, 'in', 'Vel ipsum sunt voluptatem dolor explicabo. Sit id quidem necessitatibus quas. Nostrum culpa saepe nemo. Maxime fugit quod cum quod ut reprehenderit sed culpa.', 419, 5, 4, '2020-10-11 09:22:34', '2020-10-11 09:22:34'),
(51, 'possimus', 'Ex nihil ratione molestias quia ut ut aliquid quia. Quae ut dignissimos a voluptatibus sint ducimus enim. Impedit quia sed et iste molestias voluptatem dolor enim. Aliquam sequi neque magni molestiae explicabo.', 133, 5, 23, '2020-10-11 09:22:35', '2020-10-11 09:22:35'),
(52, 'nihil', 'Nisi qui ut explicabo. Minima molestiae aut et cupiditate rerum rerum dolore velit. Dolor ut dolor occaecati fuga.', 209, 5, 10, '2020-10-11 09:22:35', '2020-10-11 09:22:35'),
(53, 'expedita', 'Et sunt consectetur iure hic doloribus nemo hic. Adipisci et voluptatem nesciunt quos id cupiditate eos et. Perferendis id neque nesciunt vitae.', 859, 9, 6, '2020-10-11 09:22:35', '2020-10-11 09:22:35'),
(54, 'veritatis', 'Necessitatibus quia tempora quod error exercitationem rem. Omnis tempora mollitia et architecto et. Laudantium perferendis distinctio accusamus asperiores laboriosam nisi sit. Consequatur vero adipisci similique ipsum error magni.', 336, 0, 8, '2020-10-11 09:22:35', '2020-10-11 09:22:35'),
(55, 'autem', 'Doloremque quos maxime deserunt nulla ut. Ut earum ad hic ut voluptatibus ut. Illum ratione perferendis sed quos est.', 989, 1, 23, '2020-10-11 09:22:35', '2020-10-11 09:22:35'),
(56, 'temporibus', 'Id doloribus cupiditate non sit. Ea sed temporibus adipisci. Deserunt dolorem dolor quos labore reprehenderit illum. Quod cum excepturi et ut et.', 327, 3, 23, '2020-10-11 09:23:54', '2020-10-11 09:23:54'),
(57, 'ducimus', 'Sequi consequatur voluptatum nihil. Recusandae excepturi et officiis asperiores veniam molestias.', 108, 6, 28, '2020-10-11 09:23:54', '2020-10-11 09:23:54'),
(58, 'mollitia', 'Aut necessitatibus aut nam. Culpa distinctio minus vel provident ipsa. Rerum ea eos exercitationem rerum et explicabo aut modi.', 650, 9, 8, '2020-10-11 09:23:54', '2020-10-11 09:23:54'),
(59, 'perferendis', 'Facilis et quia quo sed et. Recusandae maiores quia nam harum. Officiis sed est quia praesentium sunt vitae aliquam. Omnis aperiam eum corporis quia dolores laboriosam.', 330, 6, 24, '2020-10-11 09:23:54', '2020-10-11 09:23:54'),
(60, 'sint', 'Sapiente molestiae quos quo omnis quo alias et. Laudantium saepe voluptas veritatis. Dolor voluptas earum maxime et quam modi. Nihil impedit nobis nihil deleniti et.', 688, 6, 30, '2020-10-11 09:23:54', '2020-10-11 09:23:54'),
(61, 'commodi', 'Facere nobis reiciendis necessitatibus voluptatem placeat sint iusto quo. Et rerum blanditiis eos provident sit. Repudiandae consequuntur molestiae eum beatae aut aut laboriosam. Dolores laboriosam sequi tempora id distinctio inventore voluptas.', 812, 7, 23, '2020-10-11 09:23:54', '2020-10-11 09:23:54'),
(62, 'assumenda', 'Occaecati minima et quia eum. Porro praesentium iusto beatae aut voluptatem et minus. Enim cumque sit et voluptatem totam quo. Officiis tempore itaque quos dolorem.', 765, 8, 7, '2020-10-11 09:23:54', '2020-10-11 09:23:54'),
(63, 'rerum', 'Non atque enim nemo aut sed rerum. Alias consequatur sed labore hic laudantium. Voluptatem fugiat est eius aut iste officia architecto quia.', 816, 0, 10, '2020-10-11 09:23:54', '2020-10-11 09:23:54'),
(64, 'reiciendis', 'Magnam aut distinctio praesentium aut. Ad ullam aspernatur nostrum et asperiores sed.', 691, 2, 10, '2020-10-11 09:23:54', '2020-10-11 09:23:54'),
(65, 'sed', 'Nemo qui fuga voluptas voluptates omnis. Soluta magni nihil ipsam deserunt ut ducimus dolores. Repudiandae et ipsum quasi quo quod.', 245, 5, 5, '2020-10-11 09:23:55', '2020-10-11 09:23:55'),
(66, 'cum', 'Dolor fugiat doloribus ad ipsum. Fuga architecto et assumenda. Ipsa sit voluptates error repellendus et accusamus. Necessitatibus accusantium consequatur est aspernatur reprehenderit numquam.', 758, 8, 27, '2020-10-11 09:23:55', '2020-10-11 09:23:55'),
(67, 'illum', 'Ullam temporibus ducimus ducimus autem qui quia consectetur. Quidem in in delectus quidem totam nihil. Facere et qui aliquid quibusdam atque. Quia omnis sapiente minus laudantium et.', 360, 2, 12, '2020-10-11 09:23:55', '2020-10-11 09:23:55'),
(68, 'nesciunt', 'Recusandae eum quis omnis harum quos. Sint vitae sint dicta quia aut dolor ut.', 790, 9, 14, '2020-10-11 09:23:55', '2020-10-11 09:23:55'),
(69, 'error', 'Autem qui quisquam necessitatibus libero rerum qui. Vel minima dicta mollitia eos sit consequatur aut. Asperiores sunt non accusamus ut qui occaecati. Cupiditate dolorem nam incidunt debitis fugiat eveniet.', 984, 3, 11, '2020-10-11 09:23:55', '2020-10-11 09:23:55'),
(70, 'blanditiis', 'Necessitatibus necessitatibus id est omnis atque perspiciatis tenetur ipsa. Cum ut sint ullam. Architecto odit natus accusamus odio numquam voluptatem.', 925, 5, 22, '2020-10-11 09:23:55', '2020-10-11 09:23:55'),
(71, 'est', 'Id hic ut placeat facilis et quis. A optio nulla consequatur deserunt. Rerum sint voluptate aliquid corrupti. Reiciendis fugit doloremque et et aut debitis. Ipsam distinctio id quod exercitationem.', 682, 8, 18, '2020-10-11 09:23:55', '2020-10-11 09:23:55'),
(72, 'eligendi', 'Vel ut blanditiis aut omnis vel. Dolore qui soluta mollitia rem repudiandae deleniti ex.', 737, 7, 8, '2020-10-11 09:23:55', '2020-10-11 09:23:55'),
(73, 'veniam', 'Dolores earum inventore laboriosam ducimus aut voluptatem qui velit. Dolores praesentium labore illum tempore. Et et dicta ducimus quis.', 452, 8, 30, '2020-10-11 09:23:55', '2020-10-11 09:23:55'),
(74, 'sunt', 'Laudantium provident tenetur sed vitae. Accusantium et qui odit quos. Dolorem voluptate ab aut molestiae consequatur.', 747, 5, 9, '2020-10-11 09:23:55', '2020-10-11 09:23:55'),
(75, 'architecto', 'Voluptas suscipit eligendi qui laboriosam error. Aliquam facilis in provident eos. Ut quas voluptates numquam aut minus quisquam.', 151, 7, 21, '2020-10-11 09:23:55', '2020-10-11 09:23:55'),
(76, 'sapiente', 'Exercitationem minima sapiente incidunt. Maiores eum aut ut eius consequuntur est. Sunt aut deleniti velit ducimus distinctio sint. Sint soluta voluptatibus accusantium at.', 135, 3, 23, '2020-10-11 09:23:55', '2020-10-11 09:23:55'),
(77, 'sunt', 'Maiores culpa enim aut non incidunt corrupti. Quis iste quia at eligendi provident. Reiciendis quibusdam delectus ullam eaque eligendi.', 479, 5, 30, '2020-10-11 09:23:55', '2020-10-11 09:23:55'),
(78, 'consequatur', 'Voluptas magnam fuga dolorum sequi. Consequatur ut placeat tenetur voluptatem necessitatibus. Cumque placeat ut quibusdam voluptatem et. Omnis odit error rem unde aliquid nemo ea eos.', 988, 5, 11, '2020-10-11 09:23:55', '2020-10-11 09:23:55'),
(79, 'similique', 'Tenetur nisi ut mollitia officiis fugit aut repellat. Voluptate sunt impedit quos et natus cupiditate explicabo repudiandae. Distinctio minima consequatur distinctio doloribus a earum. Ad in aperiam molestias vel sequi.', 288, 2, 24, '2020-10-11 09:23:55', '2020-10-11 09:23:55'),
(80, 'dolores', 'Nam sequi voluptatum doloribus vel laboriosam quasi id. Iste sint accusantium minus pariatur distinctio iure illo. Minus sint est quod.', 424, 1, 27, '2020-10-11 09:23:55', '2020-10-11 09:23:55'),
(81, 'doloribus', 'Doloremque esse repellendus natus dignissimos distinctio voluptatem. In minus officia perferendis rerum est laboriosam est.', 326, 0, 15, '2020-10-11 09:23:55', '2020-10-11 09:23:55'),
(82, 'neque', 'Voluptas reprehenderit nihil debitis qui quidem quos modi fugit. Est omnis aut qui. Quia asperiores voluptatem possimus voluptatem provident. Velit eos harum dignissimos eum aut.', 240, 5, 15, '2020-10-11 09:23:55', '2020-10-11 09:23:55'),
(83, 'voluptatem', 'Possimus voluptatem et commodi non. Assumenda eaque expedita sed beatae eum explicabo. Quis aliquam voluptas repudiandae sit id dolores.', 862, 0, 15, '2020-10-11 09:23:55', '2020-10-11 09:23:55'),
(84, 'natus', 'Sunt voluptates nostrum expedita dignissimos. Ab fuga quia quia quas. Sed et alias ad est odio et. Explicabo error quam hic ut voluptatum sunt quia. Est in dolor nostrum odio qui vero commodi.', 146, 8, 11, '2020-10-11 09:23:55', '2020-10-11 09:23:55'),
(85, 'blanditiis', 'Et deserunt rem velit dolor nihil. Dolor natus ratione nesciunt placeat distinctio laudantium. Totam itaque numquam aut accusantium nulla qui qui. Aliquid dolor aut ut ratione ipsum eum consectetur.', 980, 1, 23, '2020-10-11 09:23:55', '2020-10-11 09:23:55'),
(86, 'voluptas', 'Quod harum omnis sed quas quis qui distinctio. Et similique delectus rerum labore dolor rem. Sunt nesciunt ratione ipsum dolorem corrupti consequatur. Qui molestias voluptas impedit rerum.', 557, 0, 15, '2020-10-11 09:23:55', '2020-10-11 09:23:55'),
(87, 'occaecati', 'Adipisci molestiae nihil quisquam quia. Tenetur iure quam quos ut.', 822, 8, 11, '2020-10-11 09:23:55', '2020-10-11 09:23:55'),
(88, 'ut', 'Nihil odio non aliquid totam deserunt. Modi provident impedit et rerum qui voluptatem voluptas. Voluptas ad animi labore nesciunt et voluptatum.', 900, 5, 4, '2020-10-11 09:23:55', '2020-10-11 09:23:55'),
(89, 'architecto', 'Aut magnam quas illum et. Temporibus illo vel minus est enim atque aut. Fugit vel quibusdam et in. Reiciendis tempora laborum nihil voluptatibus est.', 738, 7, 9, '2020-10-11 09:23:56', '2020-10-11 09:23:56'),
(90, 'ex', 'Vero commodi voluptas illo quis ullam ipsa magnam soluta. Accusantium maxime enim minima vero itaque. At autem et fuga amet. In facilis ratione odio qui.', 664, 8, 20, '2020-10-11 09:23:56', '2020-10-11 09:23:56'),
(91, 'modi', 'Quia natus voluptatem veniam sunt blanditiis accusantium maxime impedit. Neque quibusdam asperiores ea. Fugiat ut provident voluptatibus quia voluptatibus.', 224, 9, 23, '2020-10-11 09:23:56', '2020-10-11 09:23:56'),
(92, 'qui', 'Consectetur ducimus quae quae ipsam nihil. Sunt est deleniti nam ducimus blanditiis sequi. Ab dolorum autem quo. Debitis non quis quos cum ducimus.', 373, 9, 18, '2020-10-11 09:23:56', '2020-10-11 09:23:56'),
(93, 'corporis', 'Dolorem dolore inventore mollitia nemo veniam. Id sed fugiat excepturi consequatur ea ipsam eveniet doloremque.', 339, 9, 30, '2020-10-11 09:23:56', '2020-10-11 09:23:56'),
(94, 'id', 'At qui omnis id non. Eos voluptate ut doloremque ducimus. Rerum maxime molestiae optio occaecati. Ut ea adipisci quam ullam explicabo.', 812, 1, 17, '2020-10-11 09:23:56', '2020-10-11 09:23:56'),
(95, 'vitae', 'Praesentium ab sit error autem voluptatum consequuntur dignissimos qui. Distinctio enim aut debitis et harum voluptatem rem et. Placeat eveniet suscipit officiis unde numquam.', 729, 1, 8, '2020-10-11 09:23:56', '2020-10-11 09:23:56'),
(96, 'commodi', 'Odit consequatur voluptas excepturi velit voluptatem asperiores et. Sit reprehenderit eligendi consequuntur temporibus saepe eligendi est fugit.', 107, 4, 10, '2020-10-11 09:23:56', '2020-10-11 09:23:56'),
(97, 'corporis', 'Sunt quia autem amet enim quod ipsam. Ea fugiat et voluptate tenetur. Assumenda quaerat qui eum nulla rerum nemo.', 517, 6, 3, '2020-10-11 09:23:56', '2020-10-11 09:23:56'),
(98, 'molestias', 'Et ullam et cumque facilis laborum omnis explicabo commodi. Laudantium impedit assumenda est adipisci. Error inventore explicabo blanditiis occaecati perspiciatis aliquam.', 188, 1, 16, '2020-10-11 09:23:56', '2020-10-11 09:23:56'),
(99, 'sed', 'Pariatur distinctio doloribus est similique eum. Ut omnis voluptate quam sed. Quam quia pariatur excepturi et.', 399, 7, 10, '2020-10-11 09:23:56', '2020-10-11 09:23:56'),
(100, 'autem', 'Est laboriosam dolores et ipsa dignissimos. Quia aut perspiciatis sed animi sed eos veritatis aspernatur. Magnam sequi sequi similique autem voluptatem omnis. Minus ipsum laboriosam sint sint quam nihil.', 995, 5, 12, '2020-10-11 09:23:56', '2020-10-11 09:23:56'),
(101, 'laborum', 'Dolore aut atque aut ipsum corporis veritatis porro. Voluptatum repudiandae sint quam consequuntur velit soluta. Autem maiores excepturi reiciendis omnis et veritatis.', 957, 8, 28, '2020-10-11 09:23:56', '2020-10-11 09:23:56'),
(102, 'illo', 'Et voluptatem beatae qui ut. Sapiente dolores dolores vero recusandae dignissimos quos. Quia eius neque enim. Facilis dolores rerum quia maxime nostrum dolor sapiente. Dignissimos exercitationem perferendis voluptatem libero eum.', 425, 8, 7, '2020-10-11 09:23:56', '2020-10-11 09:23:56'),
(103, 'laudantium', 'Rerum eos omnis adipisci impedit nisi repudiandae. Et nisi magnam vel odit eaque. Debitis officiis facilis quasi veniam fugit amet aperiam. Itaque et aperiam consequatur ullam pariatur.', 336, 7, 18, '2020-10-11 09:23:56', '2020-10-11 09:23:56'),
(104, 'reprehenderit', 'Et voluptatem neque ut eveniet voluptate. Nemo atque architecto aut. Blanditiis vel suscipit quibusdam cum. Omnis aperiam quia doloremque esse est et aut et.', 958, 6, 21, '2020-10-11 09:23:56', '2020-10-11 09:23:56'),
(105, 'recusandae', 'Sit sed velit quis sit. Earum fugit ut voluptates quis. Corrupti pariatur non minima quod. Vero et deleniti et aut amet et non.', 737, 2, 27, '2020-10-11 09:23:56', '2020-10-11 09:23:56'),
(106, 'dolores', 'Amet itaque quia nihil. Sint mollitia aut quis est in asperiores. Quia reiciendis quia non voluptas et.', 105, 5, 17, '2020-10-11 09:23:56', '2020-10-11 09:23:56'),
(107, 'aspernatur', 'Assumenda aut autem blanditiis magni dolorem. Qui recusandae incidunt consequatur est quisquam nihil. Quae officia esse distinctio ullam atque repudiandae. Ullam animi ducimus quia molestias officia.', 793, 4, 10, '2020-10-11 09:23:56', '2020-10-11 09:23:56'),
(108, 'officiis', 'Labore commodi fugiat qui. Maiores ipsum saepe facilis itaque aut sapiente. Dolorem alias consequatur molestias eos maxime. Enim qui deleniti totam assumenda est ipsum.', 205, 0, 9, '2020-10-11 09:23:56', '2020-10-11 09:23:56'),
(109, 'nemo', 'Non et in unde eius voluptas ducimus. Quos incidunt quia ut sit. Explicabo nesciunt perferendis et molestias consectetur. Aut ut ratione est reiciendis temporibus adipisci.', 975, 7, 27, '2020-10-11 09:23:56', '2020-10-11 09:23:56'),
(110, 'architecto', 'Atque cupiditate provident cupiditate magni vitae error magnam. Eveniet sed molestiae optio unde. Quisquam vero deleniti rerum et numquam molestias.', 333, 5, 30, '2020-10-11 09:23:56', '2020-10-11 09:23:56'),
(111, 'reiciendis', 'Reprehenderit omnis reiciendis recusandae velit unde iste. Ut dolore doloribus autem blanditiis. Odit et molestiae consequatur dolores consequatur. Sunt esse est ut dignissimos voluptatem quo sunt exercitationem. Rerum eum numquam minima dolorum corrupti ducimus.', 961, 9, 3, '2020-10-11 09:26:28', '2020-10-11 09:26:28'),
(112, 'deleniti', 'Doloremque ad id ut architecto eos eligendi. Ipsum blanditiis sequi commodi culpa maxime perferendis. Et id voluptatem corporis. Sed repellat odio voluptatem assumenda velit porro quam.', 648, 0, 7, '2020-10-11 09:26:28', '2020-10-11 09:26:28'),
(113, 'eligendi', 'Esse nisi hic qui non debitis nostrum nihil. Error sunt vel ad ipsam reiciendis assumenda. Quaerat reprehenderit et ut dignissimos asperiores exercitationem quis saepe. Voluptatem esse atque in quia sit nobis aut.', 818, 1, 18, '2020-10-11 09:26:28', '2020-10-11 09:26:28'),
(114, 'repudiandae', 'Et facilis provident culpa rem quasi dolore enim. Exercitationem qui veniam dolorem praesentium rerum cumque quia. At qui voluptatum perspiciatis rerum amet.', 546, 7, 30, '2020-10-11 09:26:28', '2020-10-11 09:26:28'),
(115, 'qui', 'Ex omnis atque et provident consequatur quisquam qui. Consectetur esse nemo est repellat qui. Culpa temporibus dolores delectus consectetur maiores ut.', 629, 3, 10, '2020-10-11 09:26:28', '2020-10-11 09:26:28'),
(116, 'sit', 'Totam voluptas vitae aperiam debitis nobis dolorem corrupti. Ullam molestias officia et ut modi amet odio. Nostrum suscipit qui id distinctio.', 276, 7, 25, '2020-10-11 09:26:28', '2020-10-11 09:26:28'),
(117, 'necessitatibus', 'Qui reprehenderit et id deserunt rerum. Cum qui eligendi atque magni non rerum. Modi iusto ut corrupti aut soluta possimus dignissimos aut. Natus nam sit vitae fugit doloribus ad rerum.', 156, 2, 12, '2020-10-11 09:26:28', '2020-10-11 09:26:28'),
(118, 'et', 'Omnis at laborum iusto ea repellat quibusdam. Eos et aspernatur animi pariatur voluptatem voluptas. Rerum aut est nesciunt sunt.', 664, 4, 8, '2020-10-11 09:26:28', '2020-10-11 09:26:28'),
(119, 'vel', 'Laudantium quia fugit quia architecto maxime a. Enim quod quia quos quas. Praesentium consequatur voluptas enim consectetur ut voluptatem.', 329, 4, 16, '2020-10-11 09:26:28', '2020-10-11 09:26:28'),
(120, 'quia', 'Omnis veniam ducimus tenetur autem adipisci eaque at numquam. Aut et qui explicabo magnam. Et quia quo ea non enim animi ab. Magnam eum perferendis ea minima nemo dolorem magnam sed.', 137, 6, 2, '2020-10-11 09:26:28', '2020-10-11 09:26:28'),
(121, 'voluptatum', 'Impedit autem illum sit quia modi ea. Quis deleniti tempora doloremque molestiae consequatur quis. Magni consequatur non facilis est voluptatem. Ut necessitatibus fugiat eos vitae.', 761, 3, 25, '2020-10-11 09:26:28', '2020-10-11 09:26:28'),
(122, 'eveniet', 'Totam quia impedit ipsum nobis architecto rerum. Deserunt assumenda quisquam aliquam. Illo vel provident corrupti quo culpa vero aut est. Sunt ut rerum asperiores cum dolores totam dolorem.', 955, 6, 17, '2020-10-11 09:26:28', '2020-10-11 09:26:28'),
(123, 'voluptas', 'Qui dignissimos doloribus quam deserunt voluptas facilis. Impedit qui laborum illum amet vero. Exercitationem maiores ipsa voluptatem repellendus.', 325, 8, 7, '2020-10-11 09:26:28', '2020-10-11 09:26:28'),
(124, 'mollitia', 'Tempore maxime labore quia odit ab. Repellendus rerum numquam voluptatem sed sunt et. Perspiciatis id ab eaque.', 206, 9, 21, '2020-10-11 09:26:28', '2020-10-11 09:26:28'),
(125, 'officiis', 'Harum exercitationem qui minima hic maiores atque explicabo. Aliquam dolore quos in est. Et commodi molestiae nihil et ea ea eum.', 613, 9, 23, '2020-10-11 09:26:28', '2020-10-11 09:26:28'),
(126, 'dolor', 'Sit incidunt facere omnis in dignissimos quasi saepe. Qui autem voluptate voluptas accusamus et eos hic voluptatum. At asperiores sint vel. Exercitationem adipisci officiis ratione qui itaque illum.', 754, 7, 23, '2020-10-11 09:26:29', '2020-10-11 09:26:29'),
(127, 'harum', 'Officia veniam eveniet est nobis laudantium nihil. Numquam porro sequi nisi tempore eveniet corrupti reprehenderit. Maiores adipisci ea magni ducimus necessitatibus culpa illo dolorum. Maxime eius itaque odit autem est quia exercitationem.', 221, 8, 30, '2020-10-11 09:26:29', '2020-10-11 09:26:29'),
(128, 'laborum', 'Autem et minima quam consequuntur accusamus aliquam ea. Similique fugiat harum numquam est quas. Soluta qui molestias quaerat sit.', 999, 3, 16, '2020-10-11 09:26:29', '2020-10-11 09:26:29'),
(129, 'natus', 'Ipsa illum officiis quae quia laudantium eaque nostrum. Laudantium earum cumque ea accusamus dolores. Sint dolore quis doloremque architecto neque. Eligendi placeat provident nam ullam sequi alias molestias.', 808, 2, 6, '2020-10-11 09:26:29', '2020-10-11 09:26:29'),
(130, 'et', 'Dolor et sint similique et. Qui vel et ad beatae ut quo totam. Soluta ea velit magni modi similique voluptatem. Tempore et assumenda ullam quam officia quo et. Dolorum nihil repellendus libero ut iure sit at.', 152, 4, 6, '2020-10-11 09:26:29', '2020-10-11 09:26:29'),
(131, 'et', 'At vel aut qui quis debitis. Maxime officia quasi rem autem doloremque est debitis. Et ut et sint accusamus.', 898, 4, 22, '2020-10-11 09:26:29', '2020-10-11 09:26:29'),
(132, 'dignissimos', 'Excepturi aut qui dolores itaque molestias fugiat. Assumenda quidem aspernatur nihil sint. Impedit eos aut aliquam quos vitae. Nostrum ab natus iusto non nam.', 913, 7, 27, '2020-10-11 09:26:29', '2020-10-11 09:26:29'),
(133, 'est', 'Beatae eius vitae quis non vel rem delectus. Suscipit nulla animi et alias. Qui sed eius eum et.', 630, 4, 16, '2020-10-11 09:26:29', '2020-10-11 09:26:29'),
(134, 'autem', 'Sit dignissimos quis quisquam sequi. Id asperiores non hic hic qui nam. Consequatur accusantium sed est ad facere numquam fugiat similique. Omnis nemo animi et. Unde earum praesentium molestiae ut provident sunt quia reprehenderit.', 111, 3, 11, '2020-10-11 09:26:29', '2020-10-11 09:26:29'),
(135, 'iure', 'A quisquam sed nobis unde harum repellendus tempore. Aliquam ut natus ducimus dolorum. Maiores reprehenderit qui rem illo ipsa. Molestiae est sit magni maiores inventore.', 230, 0, 24, '2020-10-11 09:26:29', '2020-10-11 09:26:29'),
(136, 'amet', 'Qui iste ut quaerat in sed. Quidem et porro ut error soluta nemo. Maxime blanditiis voluptatem et velit.', 297, 1, 11, '2020-10-11 09:26:29', '2020-10-11 09:26:29'),
(137, 'cum', 'Facilis itaque voluptas corrupti. Sint fugiat nam natus architecto fugiat reiciendis non. Omnis qui odio debitis cumque facilis.', 301, 2, 26, '2020-10-11 09:26:29', '2020-10-11 09:26:29'),
(138, 'voluptatum', 'Odio sint earum quasi ut perspiciatis labore. Sed ipsam ipsam et quo qui. Animi sequi omnis magnam voluptas voluptatibus perferendis et.', 803, 1, 10, '2020-10-11 09:26:29', '2020-10-11 09:26:29'),
(139, 'error', 'Qui ad et amet quidem recusandae ea necessitatibus deserunt. Saepe sint voluptatibus ea ex et. Ut voluptatem provident architecto aut.', 700, 8, 19, '2020-10-11 09:26:29', '2020-10-11 09:26:29'),
(140, 'debitis', 'Ut eum vel quia deleniti a. Eos culpa provident facilis et quia illum. Ut adipisci eligendi praesentium rem voluptatibus ullam nesciunt. Architecto nam earum et ut.', 398, 0, 7, '2020-10-11 09:26:29', '2020-10-11 09:26:29'),
(141, 'voluptas', 'Autem nostrum quis quo qui voluptas mollitia. Repellat pariatur nobis blanditiis sunt. Et architecto hic dolores et labore fugit beatae.', 529, 1, 9, '2020-10-11 09:26:29', '2020-10-11 09:26:29'),
(142, 'id', 'Veniam incidunt quod deserunt totam. Omnis et similique repellat deleniti. Quo consequatur occaecati accusantium alias ut qui dicta. Unde atque ea nihil repudiandae deserunt. Enim rerum aut eum doloremque aliquid.', 921, 5, 17, '2020-10-11 09:26:29', '2020-10-11 09:26:29'),
(143, 'cupiditate', 'Et voluptatem laudantium doloremque impedit. Eum ut sunt cupiditate commodi. Perferendis fugit deleniti tempora ut autem alias.', 702, 3, 18, '2020-10-11 09:26:29', '2020-10-11 09:26:29'),
(144, 'tempora', 'Laboriosam repudiandae ut corporis odio veniam deserunt itaque. Tenetur voluptas molestias qui voluptas maiores. Esse eligendi distinctio qui iure aspernatur occaecati laboriosam qui.', 839, 4, 15, '2020-10-11 09:26:29', '2020-10-11 09:26:29'),
(145, 'et', 'Accusantium quis consequuntur voluptatem inventore non sed facere. Laborum saepe autem molestias explicabo ut. Dicta sit dolor autem eos. Quo quos earum sint delectus omnis.', 783, 3, 20, '2020-10-11 09:26:29', '2020-10-11 09:26:29'),
(146, 'dolore', 'Assumenda officiis et et eligendi. Non error suscipit debitis quidem ab. Tenetur a est explicabo voluptatibus. Velit quod voluptas voluptas cupiditate vitae quia.', 557, 7, 30, '2020-10-11 09:26:29', '2020-10-11 09:26:29'),
(147, 'est', 'Qui quis aliquid ut rerum quis sit provident. Vel iusto dolor eos sit. Facere adipisci quisquam architecto corrupti nihil accusamus incidunt sit. Qui nulla vel ea explicabo qui.', 415, 6, 5, '2020-10-11 09:26:29', '2020-10-11 09:26:29'),
(148, 'debitis', 'Dignissimos numquam enim consequatur voluptatibus optio unde blanditiis. Qui architecto rerum dolorem in nesciunt. Corrupti mollitia laborum nostrum consectetur.', 710, 2, 30, '2020-10-11 09:26:30', '2020-10-11 09:26:30'),
(149, 'sint', 'Totam odio in aut nostrum impedit laudantium architecto. Accusamus placeat nisi quod itaque aut. Illo nihil aliquid cumque totam illo qui enim. Totam earum iste quae est.', 791, 5, 17, '2020-10-11 09:26:30', '2020-10-11 09:26:30'),
(150, 'minus', 'Est qui assumenda illum autem unde voluptatem. Quod quia voluptas illo vel. Est et cumque veniam consequatur.', 899, 8, 6, '2020-10-11 09:26:30', '2020-10-11 09:26:30'),
(151, 'voluptatem', 'Aut enim non beatae non. Harum deserunt aut laudantium ut iusto. Inventore modi et occaecati magni cupiditate.', 187, 2, 3, '2020-10-11 09:26:30', '2020-10-11 09:26:30'),
(152, 'laudantium', 'Mollitia est cum ut et porro omnis. In totam exercitationem enim culpa. Dolor quia eius ab vel est ad quia.', 368, 3, 21, '2020-10-11 09:26:30', '2020-10-11 09:26:30'),
(153, 'et', 'Vero est maiores voluptatem maiores temporibus facere. Velit culpa modi et. Nisi expedita sed commodi neque dolores iure. Accusamus quos expedita quas vel a voluptatem.', 995, 3, 14, '2020-10-11 09:26:30', '2020-10-11 09:26:30'),
(154, 'qui', 'Eum ratione voluptatibus reiciendis architecto non sint qui voluptas. Itaque dolor nihil deleniti est repellendus excepturi. Sunt quo iusto nobis reprehenderit similique consequatur at. Quisquam vel aut quod culpa repellat molestias dicta.', 390, 7, 21, '2020-10-11 09:26:30', '2020-10-11 09:26:30'),
(155, 'vero', 'Placeat quo cumque illum vitae est. Magnam inventore eaque dolore omnis quibusdam. Voluptatem aliquid tenetur animi sit laboriosam est.', 922, 1, 20, '2020-10-11 09:26:30', '2020-10-11 09:26:30'),
(156, 'fugit', 'Omnis porro quasi mollitia deserunt ullam blanditiis est temporibus. Alias repellat ea quae itaque quasi sint temporibus. Eligendi nemo assumenda quo quo sed eligendi ut.', 820, 5, 17, '2020-10-11 09:26:30', '2020-10-11 09:26:30'),
(157, 'aliquam', 'A molestiae aut quia. Atque iste sed dicta et eaque. Aut et repudiandae unde sunt quisquam impedit. Impedit laudantium id sed quaerat illum soluta tenetur.', 748, 6, 19, '2020-10-11 09:26:30', '2020-10-11 09:26:30'),
(158, 'sint', 'Nihil consequuntur quasi incidunt mollitia facere iusto. Cumque ab autem veritatis nobis alias dicta optio beatae. Ea cumque et sit veritatis aut. Sed est repudiandae error ipsam facilis. Deleniti in qui error maxime ea ea sunt.', 126, 9, 21, '2020-10-11 09:26:30', '2020-10-11 09:26:30'),
(159, 'eveniet', 'Molestiae pariatur eum incidunt magni tenetur. At repudiandae perferendis officia. Quia nesciunt similique quis vitae molestiae. Eveniet odit rerum in necessitatibus voluptates doloremque.', 886, 5, 22, '2020-10-11 09:26:30', '2020-10-11 09:26:30'),
(160, 'atque', 'Ratione temporibus eligendi a repellat cumque. Harum aut dolore ut est excepturi rerum. Enim architecto voluptas fugit inventore dolores facilis dolores. Ad dolorum voluptas consectetur suscipit ullam iusto praesentium quo.', 395, 1, 25, '2020-10-11 09:26:30', '2020-10-11 09:26:30'),
(161, 'suscipit', 'Optio dolores id aut a. Quia autem odit optio ad voluptatem.', 380, 5, 9, '2020-10-11 09:26:30', '2020-10-11 09:26:30'),
(162, 'fuga', 'Exercitationem sint ab nihil amet quia eaque libero sunt. Consectetur sapiente delectus rem soluta nihil.', 369, 2, 2, '2020-10-11 09:26:30', '2020-10-11 09:26:30'),
(163, 'est', 'Placeat et aut incidunt saepe ut voluptas. Provident aspernatur et sed fugiat consequuntur. Magnam alias quaerat asperiores repellat officia cum consequatur non. Quod ut quis eaque quisquam sed doloremque.', 680, 9, 25, '2020-10-11 09:26:30', '2020-10-11 09:26:30'),
(164, 'dolores', 'Ea et consequatur esse. Vel consequatur commodi molestiae. Reprehenderit harum autem quidem dolor illo dolor minus. Ratione natus facilis eius eveniet labore dolores laudantium voluptates.', 131, 7, 30, '2020-10-11 09:26:30', '2020-10-11 09:26:30'),
(165, 'soluta', 'Voluptate id suscipit ut. Id voluptas eos nemo iste et enim. Ipsam minus inventore quaerat molestiae est. Et accusamus accusamus et debitis laudantium perferendis omnis est.', 452, 1, 25, '2020-10-11 09:26:30', '2020-10-11 09:26:30'),
(166, 'porro', 'Aperiam commodi temporibus non et repellat. Porro velit illum fugit. Libero eaque natus vel et. Et commodi ullam soluta possimus repellat ratione et eos.', 918, 7, 2, '2020-10-11 09:29:45', '2020-10-11 09:29:45'),
(167, 'maxime', 'Ut consequatur quam veritatis. At quae sit et aliquam nam voluptas architecto. Explicabo maxime possimus dicta ut soluta.', 181, 8, 25, '2020-10-11 09:29:45', '2020-10-11 09:29:45'),
(168, 'dolores', 'Qui dolores sunt qui eligendi. Nisi commodi eligendi in unde ullam. Harum vel dolorem dignissimos ipsa.', 930, 7, 13, '2020-10-11 09:29:45', '2020-10-11 09:29:45'),
(169, 'aut', 'Quisquam ea rem ut. Et odit aut et. Ab provident dolore ut nulla qui consectetur qui. Sint rerum deserunt veniam.', 455, 4, 7, '2020-10-11 09:29:45', '2020-10-11 09:29:45'),
(170, 'eligendi', 'Ea qui laudantium molestiae iure quidem ipsam velit. Qui minima labore voluptas. Sed eos et iste vel qui atque.', 502, 8, 18, '2020-10-11 09:29:45', '2020-10-11 09:29:45'),
(171, 'dolorum', 'Doloremque ut incidunt laboriosam. Facilis est et qui. Labore eaque voluptatem culpa quia eveniet sint. Eum aspernatur voluptas facere enim ratione explicabo.', 545, 0, 8, '2020-10-11 09:29:45', '2020-10-11 09:29:45'),
(172, 'nobis', 'Recusandae quasi animi corrupti animi. Delectus ab reiciendis natus labore incidunt. Ipsum deserunt quasi doloribus sit omnis.', 506, 4, 22, '2020-10-11 09:29:45', '2020-10-11 09:29:45'),
(173, 'in', 'Et dolorem quo animi omnis ratione officiis. In laborum nobis eos ipsum porro eligendi cum.', 213, 2, 27, '2020-10-11 09:29:45', '2020-10-11 09:29:45'),
(174, 'exercitationem', 'Aliquam fugit quia optio sit accusamus delectus unde. Inventore dolores nostrum dignissimos voluptatem beatae. Nesciunt animi aperiam adipisci ab qui. Repellendus quidem error quia et exercitationem quisquam placeat eius.', 226, 8, 20, '2020-10-11 09:29:45', '2020-10-11 09:29:45'),
(175, 'voluptatem', 'Et ut ratione hic reprehenderit a nulla blanditiis. Enim at distinctio quo a enim. Id sunt sed in rem sint.', 785, 4, 9, '2020-10-11 09:29:45', '2020-10-11 09:29:45'),
(176, 'at', 'Vero nesciunt assumenda voluptate voluptas. Eum omnis dolorem quas quia earum. Quaerat et ut aut quae ut tenetur consectetur. Illum autem nostrum maxime porro numquam saepe.', 362, 9, 14, '2020-10-11 09:29:45', '2020-10-11 09:29:45'),
(177, 'quo', 'Cum asperiores sed qui quo provident aut. Eum illo fuga sunt qui esse vitae. Eum saepe placeat quisquam iste velit officiis. Voluptatem est a tenetur qui dolorem quae doloremque.', 588, 4, 18, '2020-10-11 09:29:45', '2020-10-11 09:29:45'),
(178, 'consequatur', 'Quia et sapiente aut sed. Cupiditate sequi voluptas voluptatum sed earum quo laborum. Alias rerum dolorum provident ipsa cumque eum ducimus. Omnis ab dolorem molestias ratione perferendis deleniti. Est consequatur consequatur tenetur corporis.', 161, 9, 22, '2020-10-11 09:29:45', '2020-10-11 09:29:45'),
(179, 'fugiat', 'Ipsum aliquid ipsa officia non aut culpa ad. Alias voluptas aut error occaecati. Vero autem nemo officia sit facilis.', 364, 6, 16, '2020-10-11 09:29:45', '2020-10-11 09:29:45'),
(180, 'reprehenderit', 'Soluta aut est quia maiores earum rem et. Expedita alias repellendus voluptas sunt. Dolores corrupti nesciunt sed odit rem qui maxime consectetur. Consequatur accusamus repudiandae voluptatem neque.', 907, 9, 26, '2020-10-11 09:29:45', '2020-10-11 09:29:45'),
(181, 'possimus', 'Rerum dolorem expedita fugiat. Ut repellendus dolor nemo dignissimos. Modi dicta ut quia voluptatem quibusdam saepe repellendus quam.', 408, 9, 21, '2020-10-11 09:29:45', '2020-10-11 09:29:45'),
(182, 'et', 'Voluptas ducimus non reprehenderit odio fugit dicta dolorem. Ducimus ab recusandae numquam recusandae.', 720, 9, 15, '2020-10-11 09:29:45', '2020-10-11 09:29:45'),
(183, 'vero', 'Vitae inventore nostrum pariatur sit dolores voluptates. Laudantium ut tempore ut eum et. Earum enim ducimus recusandae maxime consequatur debitis ducimus. Labore architecto placeat perferendis et sunt distinctio debitis.', 148, 9, 21, '2020-10-11 09:29:45', '2020-10-11 09:29:45'),
(184, 'quia', 'Ullam in dolorem voluptatem sed omnis sint. Maxime iste dicta molestiae quam nemo qui. Veniam aliquam repudiandae praesentium esse similique in suscipit esse.', 983, 9, 21, '2020-10-11 09:29:45', '2020-10-11 09:29:45'),
(185, 'corrupti', 'Laboriosam tenetur a quod vitae. Rem eos vel aut ipsam et. Est quae non omnis omnis aut neque molestiae.', 120, 5, 25, '2020-10-11 09:29:46', '2020-10-11 09:29:46'),
(186, 'facilis', 'Hic aut esse suscipit. Repellat quos dolorum perferendis fuga asperiores eum reiciendis. Fugiat et consequuntur consequatur eaque. Distinctio ratione unde autem reiciendis ut.', 805, 7, 20, '2020-10-11 09:29:46', '2020-10-11 09:29:46'),
(187, 'vel', 'Delectus omnis voluptatem quia voluptates itaque quisquam. Sit id quo voluptas voluptatem ut ut incidunt. Modi accusamus qui quidem eos aspernatur occaecati nesciunt. Similique quam iure odio ea.', 731, 8, 26, '2020-10-11 09:29:46', '2020-10-11 09:29:46'),
(188, 'sed', 'Ea molestiae et qui aut voluptas impedit minus. Ea eos earum ad tempore sapiente blanditiis. Veniam minima non ut sunt velit. Beatae optio odit voluptas corrupti.', 172, 5, 2, '2020-10-11 09:29:46', '2020-10-11 09:29:46'),
(189, 'eum', 'Quaerat vero ex tempora hic ea saepe voluptas expedita. Aut a dolores in molestias voluptas et et suscipit. Ducimus sapiente corporis est nesciunt omnis reiciendis. Incidunt ad saepe quibusdam molestiae asperiores.', 308, 9, 11, '2020-10-11 09:29:46', '2020-10-11 09:29:46'),
(190, 'ipsum', 'Consequatur voluptatem et adipisci accusamus. Dolor illum voluptas molestiae nulla expedita nam voluptatum et. Voluptas accusamus architecto omnis temporibus quas nam vero enim. Voluptas non dolorum nobis quis qui deserunt.', 450, 9, 24, '2020-10-11 09:29:46', '2020-10-11 09:29:46'),
(191, 'rerum', 'In reiciendis qui nostrum nemo laboriosam iure non qui. Omnis necessitatibus est consequatur voluptatem ab id. Repudiandae qui nihil quia impedit qui officiis. Earum dolorem omnis ea quam maxime praesentium non provident. Non esse suscipit dolores labore.', 968, 9, 24, '2020-10-11 09:29:46', '2020-10-11 09:29:46'),
(192, 'sint', 'Sunt asperiores modi commodi at soluta et neque qui. Est harum dolore nam exercitationem qui provident aspernatur. Aspernatur voluptatem dolore quo.', 982, 9, 29, '2020-10-11 09:29:46', '2020-10-11 09:29:46'),
(193, 'et', 'Non et aperiam sit sed repellendus accusamus sunt. Vel non rerum omnis modi odio. Labore est qui magnam et.', 577, 1, 16, '2020-10-11 09:29:46', '2020-10-11 09:29:46'),
(194, 'quibusdam', 'Ut ratione vero quod quaerat et non dolor. Sed voluptatem dolorem eveniet qui totam. Deserunt ut aliquam ut omnis et.', 826, 9, 29, '2020-10-11 09:29:46', '2020-10-11 09:29:46'),
(195, 'omnis', 'Quia ipsam aut tempora. Et nihil repellendus perspiciatis error rem. Aut rerum et hic laboriosam. Non ut quidem cupiditate aliquam quo.', 930, 5, 3, '2020-10-11 09:29:46', '2020-10-11 09:29:46'),
(196, 'repellat', 'Quae soluta aut laudantium expedita. Ullam dolorem hic eos deleniti. Non debitis odit molestiae.', 692, 2, 23, '2020-10-11 09:29:46', '2020-10-11 09:29:46'),
(197, 'ut', 'Ipsum omnis quia fuga assumenda provident. Aut corporis doloribus qui non. Illo repudiandae consequuntur autem. Aut saepe autem itaque illo incidunt voluptate veniam.', 483, 5, 19, '2020-10-11 09:29:46', '2020-10-11 09:29:46'),
(198, 'fugit', 'Quis vero necessitatibus eum quo unde qui blanditiis quidem. Tempore veritatis non qui sequi ut odit qui. Assumenda tempore porro ratione ex magni tempore.', 942, 6, 27, '2020-10-11 09:29:46', '2020-10-11 09:29:46'),
(199, 'hic', 'Eos dolorem non officiis voluptatibus et ipsum assumenda explicabo. Possimus optio dolorem aut ducimus corrupti amet. Officia sed ullam aut corrupti incidunt. Qui quis quaerat sed ut error natus. Labore in et vel illo.', 985, 0, 28, '2020-10-11 09:29:46', '2020-10-11 09:29:46'),
(200, 'placeat', 'Odit sunt dolorum facere voluptates eos eaque velit. Aspernatur animi odit aliquid sunt corrupti a. Dolore aspernatur deleniti atque rerum. Voluptatem tempora eveniet laboriosam qui id nostrum.', 636, 4, 28, '2020-10-11 09:29:46', '2020-10-11 09:29:46'),
(201, 'adipisci', 'Eveniet itaque a accusantium cupiditate id eos sunt. Vel eius ullam quae quia aspernatur voluptatem autem. Cumque neque et autem rem culpa id. Dolorem facere explicabo quam et.', 544, 0, 9, '2020-10-11 09:29:46', '2020-10-11 09:29:46'),
(202, 'maiores', 'Itaque amet ut ipsum sunt. Culpa consectetur error fugiat vitae qui culpa. Assumenda assumenda est aperiam et sit. Hic blanditiis praesentium delectus distinctio.', 738, 6, 3, '2020-10-11 09:29:46', '2020-10-11 09:29:46'),
(203, 'voluptatem', 'Est omnis vitae eum odit officia. Eum minus earum dolor dolorem quia. Beatae non placeat minima. Veniam odio velit officia quidem et. Vel omnis in hic optio.', 394, 8, 26, '2020-10-11 09:29:46', '2020-10-11 09:29:46'),
(204, 'odio', 'Neque nihil aut excepturi fugit dolorum repellat ut. Sit quidem consequuntur iste suscipit expedita et. Modi quia aut ex.', 152, 0, 12, '2020-10-11 09:29:46', '2020-10-11 09:29:46'),
(205, 'minima', 'Qui sequi animi dolores veniam. Natus adipisci rerum magnam temporibus optio inventore. Deleniti similique est aspernatur repellendus fugit fugiat. Quo velit quis illo.', 204, 7, 14, '2020-10-11 09:29:46', '2020-10-11 09:29:46'),
(206, 'a', 'In et officiis deleniti quasi similique necessitatibus vero. Dolor nam non quia quos culpa. Non ut molestiae amet molestias sit. Pariatur laudantium ad nisi recusandae minus.', 915, 0, 15, '2020-10-11 09:29:46', '2020-10-11 09:29:46'),
(207, 'architecto', 'Et iure quas architecto omnis deserunt velit dolore. Ducimus voluptatem ut voluptatum ipsum et sunt. Corporis laudantium eaque voluptatum assumenda enim at excepturi. Voluptatem maiores aut et odio dicta illum. At et consectetur aut incidunt minus dolores cupiditate.', 531, 8, 18, '2020-10-11 09:29:47', '2020-10-11 09:29:47'),
(208, 'et', 'Sequi cumque est aliquam vel sit. Mollitia error cupiditate sed doloremque accusantium. Fugit et fugit molestiae blanditiis et.', 645, 4, 8, '2020-10-11 09:29:47', '2020-10-11 09:29:47'),
(209, 'eveniet', 'Nulla corporis veritatis non possimus rerum dolorum. Ipsa omnis eaque in inventore laborum. Minima non perferendis accusantium assumenda possimus delectus.', 370, 3, 30, '2020-10-11 09:29:47', '2020-10-11 09:29:47'),
(210, 'at', 'Nobis ducimus consequatur ad cupiditate tempore minus aut occaecati. Veniam modi earum omnis in quam veniam ipsa. Facilis sunt est veniam aut. Quidem consequuntur nihil natus natus occaecati praesentium id.', 430, 6, 2, '2020-10-11 09:29:47', '2020-10-11 09:29:47'),
(211, 'blanditiis', 'Sit nisi est neque provident accusantium. Beatae iste amet officia voluptas. Vitae qui consequatur et corporis eum.', 866, 9, 19, '2020-10-11 09:29:47', '2020-10-11 09:29:47'),
(212, 'necessitatibus', 'Nemo et dolorem cum vitae nobis. Velit cupiditate voluptas maxime saepe beatae. Repudiandae recusandae architecto explicabo rerum.', 101, 9, 13, '2020-10-11 09:29:47', '2020-10-11 09:29:47');
INSERT INTO `products` (`id`, `name`, `detail`, `price`, `stock`, `discount`, `created_at`, `updated_at`) VALUES
(213, 'vitae', 'Error eligendi laudantium earum sunt harum eos quia. Ut placeat ea cumque in non quis eum. Ea autem illum est voluptatem autem veniam.', 345, 0, 12, '2020-10-11 09:29:47', '2020-10-11 09:29:47'),
(214, 'molestiae', 'Eum voluptatem eum illum in suscipit eos. Maiores veniam est molestiae autem temporibus officiis. Adipisci quia doloribus eos quo quo est provident.', 733, 6, 8, '2020-10-11 09:29:47', '2020-10-11 09:29:47'),
(215, 'eos', 'Blanditiis et modi ex debitis repellendus est quam aut. Aspernatur ratione vel aperiam. Sunt natus inventore deserunt eos voluptates molestiae quia. Sit officiis eveniet nihil ducimus nam.', 645, 2, 26, '2020-10-11 09:29:47', '2020-10-11 09:29:47'),
(216, 'non', 'Sint alias facilis est ad voluptatem. Dignissimos ut in suscipit consequatur porro. Officiis dolorum et et adipisci et ea nobis.', 281, 6, 9, '2020-10-11 09:29:47', '2020-10-11 09:29:47'),
(217, 'voluptatibus', 'Et explicabo delectus quibusdam qui. Voluptas ut numquam nihil dolor magnam numquam quis. Quod et doloremque necessitatibus voluptatibus aut. Rerum consequatur quia iste possimus.', 727, 0, 10, '2020-10-11 09:29:47', '2020-10-11 09:29:47'),
(218, 'neque', 'Molestiae est minima at quae. Ut quis ipsam culpa deserunt. Atque enim accusamus est sit repudiandae.', 269, 4, 20, '2020-10-11 09:29:47', '2020-10-11 09:29:47'),
(219, 'voluptatum', 'Ex quibusdam voluptatem sed itaque ut necessitatibus veritatis. Et cumque beatae dicta debitis. Quibusdam pariatur aut unde recusandae vero id.', 176, 0, 24, '2020-10-11 09:29:47', '2020-10-11 09:29:47'),
(220, 'earum', 'Doloremque autem est distinctio rerum. Labore sit et et nulla. Vel est rem culpa voluptatem reprehenderit saepe.', 364, 4, 22, '2020-10-11 09:29:47', '2020-10-11 09:29:47');

-- --------------------------------------------------------

--
-- Table structure for table `reviews`
--

CREATE TABLE `reviews` (
  `id` int(10) UNSIGNED NOT NULL,
  `product_id` int(10) UNSIGNED NOT NULL,
  `customer` varchar(255) COLLATE utf8mb4_unicode_ci NOT NULL,
  `reviews` text COLLATE utf8mb4_unicode_ci NOT NULL,
  `star` int(11) NOT NULL,
  `created_at` timestamp NULL DEFAULT NULL,
  `updated_at` timestamp NULL DEFAULT NULL
) ENGINE=InnoDB DEFAULT CHARSET=utf8mb4 COLLATE=utf8mb4_unicode_ci;

--
-- Dumping data for table `reviews`
--

INSERT INTO `reviews` (`id`, `product_id`, `customer`, `reviews`, `star`, `created_at`, `updated_at`) VALUES
(1, 55, 'Piper Renner', 'Recusandae mollitia et iure est. Eius quasi in dolorem recusandae. Nisi voluptates eos aut deleniti sed atque iste.', 3, '2020-10-11 09:29:49', '2020-10-11 09:29:49'),
(2, 184, 'Noble Huel', 'Voluptates sit molestias qui. Et dolor ut fugit necessitatibus est cumque quibusdam. Fuga nisi molestiae neque eligendi. Mollitia sunt accusantium quidem.', 3, '2020-10-11 09:29:49', '2020-10-11 09:29:49'),
(3, 68, 'Prof. Caesar Borer I', 'Laborum quae sint porro voluptatem perferendis. Rerum esse deleniti optio ipsum. Excepturi molestiae impedit ut qui odit ut dolorum. Consectetur blanditiis veniam aut qui quaerat et. Sit perferendis nam ea molestiae dolorem quo.', 1, '2020-10-11 09:29:49', '2020-10-11 09:29:49'),
(4, 182, 'Roscoe Hane', 'Qui atque voluptas sed quos architecto. Enim omnis eius ut dignissimos. Fuga possimus qui possimus ut. Perferendis omnis ipsam ut inventore nam excepturi.', 3, '2020-10-11 09:29:49', '2020-10-11 09:29:49'),
(5, 166, 'Athena King', 'Quaerat quia ea facere dicta ullam. Nulla assumenda similique vitae et quos. Possimus ut excepturi aspernatur nemo suscipit.', 4, '2020-10-11 09:29:49', '2020-10-11 09:29:49'),
(6, 140, 'Kaylie Ernser', 'Et dolores id possimus dolores. Nam deleniti quibusdam est placeat. Adipisci sequi porro vitae ipsum quia qui.', 3, '2020-10-11 09:29:49', '2020-10-11 09:29:49'),
(7, 52, 'Miss Maddison Deckow MD', 'Ipsam architecto vel cupiditate enim doloribus. Voluptatibus laudantium et quia sed debitis.', 2, '2020-10-11 09:29:49', '2020-10-11 09:29:49'),
(8, 149, 'Einar Fay DDS', 'Inventore dolore ad aliquid quas qui natus quaerat. Tenetur debitis exercitationem voluptates autem magnam autem. Similique porro molestias molestiae qui repudiandae. Blanditiis repudiandae quia necessitatibus corrupti dicta voluptatem culpa. Est laboriosam voluptatem tempore facere molestiae est et.', 1, '2020-10-11 09:29:49', '2020-10-11 09:29:49'),
(9, 8, 'Rick Jacobson', 'Ea excepturi a ut quisquam officiis et id dolores. Sunt exercitationem dolore sed facilis quia qui est et. Est aliquid sapiente neque praesentium velit. Impedit pariatur omnis adipisci expedita non.', 1, '2020-10-11 09:29:49', '2020-10-11 09:29:49'),
(10, 41, 'Mr. Kennedi Predovic', 'Ut sapiente delectus voluptatem. Debitis eligendi et sed ut odit aut aut soluta. Voluptatem repellat quo natus ut tempora. Libero aut tenetur perspiciatis beatae corporis. Magni modi sed praesentium consequatur repudiandae officia.', 5, '2020-10-11 09:29:49', '2020-10-11 09:29:49'),
(11, 152, 'Dr. Americo Parker', 'Veniam nisi qui est eos placeat totam. Deserunt saepe sed ut provident culpa placeat similique.', 4, '2020-10-11 09:29:49', '2020-10-11 09:29:49'),
(12, 176, 'Felipa Nader', 'Vitae vitae est quibusdam ipsa et. Voluptas nisi pariatur soluta molestiae facilis quia. Ea magnam repudiandae assumenda rem laborum.', 5, '2020-10-11 09:29:49', '2020-10-11 09:29:49'),
(13, 211, 'Madaline Hartmann', 'Et vel hic totam aspernatur. Temporibus beatae quos voluptas quia facilis vitae sed. Quae sapiente sint amet qui ex saepe.', 0, '2020-10-11 09:29:49', '2020-10-11 09:29:49'),
(14, 220, 'Marielle Wolff', 'Qui quas sed officia error. Vero facere cumque et dolores eos. Et a cumque eum quis.', 3, '2020-10-11 09:29:49', '2020-10-11 09:29:49'),
(15, 19, 'Prof. Darby Koch', 'Dolor aut id nisi laboriosam et quidem exercitationem et. Fuga sit aut ratione sequi officia. Vitae voluptatem rerum rerum esse deserunt tempore. Est impedit eveniet omnis.', 2, '2020-10-11 09:29:50', '2020-10-11 09:29:50'),
(16, 7, 'Jude Walter', 'Dolore voluptatum qui et excepturi quos itaque et. Numquam fuga voluptate mollitia qui omnis rem. Sed voluptate ut fuga ducimus et rerum eligendi.', 0, '2020-10-11 09:29:50', '2020-10-11 09:29:50'),
(17, 98, 'Trenton Cronin', 'Et maxime exercitationem soluta esse eum et et tempore. Provident ea voluptatem et officiis. Ipsam quisquam recusandae molestiae adipisci facere. Id odio necessitatibus mollitia voluptatem exercitationem dicta culpa.', 2, '2020-10-11 09:29:50', '2020-10-11 09:29:50'),
(18, 111, 'Maxine Bednar', 'Et itaque ut numquam nihil laudantium expedita. Quae incidunt vero incidunt nobis. Eos cumque eos fugit unde ducimus.', 1, '2020-10-11 09:29:50', '2020-10-11 09:29:50'),
(19, 95, 'Lilly Schroeder', 'Eum ratione eaque mollitia odio labore sint voluptatem. Et amet qui et a laboriosam accusantium velit. Cum iure qui cum minima et laborum. Nihil quasi excepturi et magni quo. Illo iusto laudantium id pariatur accusamus maxime rerum at.', 1, '2020-10-11 09:29:50', '2020-10-11 09:29:50'),
(20, 118, 'Keith Witting PhD', 'Maiores veniam perspiciatis exercitationem magni aliquam quia error. Tempore ea veniam temporibus earum aut. Aliquid vel rem eligendi veniam ex nihil distinctio. Itaque cupiditate quam possimus earum quae et impedit vero. Corporis saepe molestiae quisquam quo aliquam quod cumque.', 5, '2020-10-11 09:29:50', '2020-10-11 09:29:50'),
(21, 30, 'Keshawn Bradtke DDS', 'Dolor et pariatur tempora. Distinctio similique in consectetur sunt. Aspernatur commodi eaque aut vel explicabo quae. Blanditiis sapiente quod est.', 5, '2020-10-11 09:29:50', '2020-10-11 09:29:50'),
(22, 81, 'Mr. Joshua Schoen DDS', 'Cum eos doloribus recusandae nisi culpa itaque. Reiciendis asperiores hic dolor iure sed. Quam soluta optio quibusdam quo et facere aut. Autem alias laboriosam ut occaecati.', 5, '2020-10-11 09:29:50', '2020-10-11 09:29:50'),
(23, 178, 'Willard Roberts', 'Laborum quia autem laudantium architecto. Voluptatem rem cupiditate vero natus optio excepturi non voluptatibus. Odit atque occaecati a hic saepe nam ipsam. Voluptatem sed ipsam sed dolorum.', 0, '2020-10-11 09:29:50', '2020-10-11 09:29:50'),
(24, 41, 'Ms. Catherine Bogisich V', 'Atque molestiae temporibus ipsam ex quis. Quia ullam ut at qui nam quod.', 2, '2020-10-11 09:29:50', '2020-10-11 09:29:50'),
(25, 23, 'Prof. Lafayette Boehm III', 'Et aspernatur mollitia tempore ut. Laborum at sit omnis incidunt aut dolorum eos. Laboriosam cum voluptatem quis tenetur quae quidem.', 2, '2020-10-11 09:29:50', '2020-10-11 09:29:50'),
(26, 165, 'Caleigh Hickle', 'Odit et voluptatem tempora dolorum dolorum tenetur at. Est ratione facilis est laborum mollitia. Vel nam in ut rerum autem expedita corporis.', 0, '2020-10-11 09:29:50', '2020-10-11 09:29:50'),
(27, 170, 'Dr. Johnnie Rempel IV', 'Distinctio tempora modi quia minima animi distinctio repellendus dolor. Voluptas explicabo dolores voluptates consectetur quis est. Reiciendis consectetur quia unde aut. Doloremque est accusantium qui non ut.', 4, '2020-10-11 09:29:50', '2020-10-11 09:29:50'),
(28, 72, 'Dakota Predovic', 'Voluptatem vitae debitis libero velit aliquid. In nemo velit veniam ex cupiditate. Ratione dignissimos fugiat sit nam veniam perspiciatis quos molestiae.', 2, '2020-10-11 09:29:50', '2020-10-11 09:29:50'),
(29, 107, 'Prof. Charity Hill', 'Tempore dolorum aut neque aut. Nihil occaecati quo velit voluptatem.', 2, '2020-10-11 09:29:50', '2020-10-11 09:29:50'),
(30, 183, 'Bonita Schmeler', 'Et quam quis praesentium autem quos maiores. Illo sed modi minus quasi in. Veritatis itaque et culpa hic est voluptatibus minus. Ut quia culpa corrupti quia.', 3, '2020-10-11 09:29:50', '2020-10-11 09:29:50'),
(31, 56, 'Troy Macejkovic DVM', 'Sapiente et reiciendis aspernatur laborum. Quo aut expedita sit cupiditate nam exercitationem. Illo reprehenderit aut aut blanditiis.', 1, '2020-10-11 09:29:50', '2020-10-11 09:29:50'),
(32, 93, 'Gaylord Muller III', 'Itaque quidem doloribus quis eos beatae unde minima ab. Consectetur velit vero sed ut dignissimos. Ut nobis tenetur et laboriosam. Sit repellendus nihil quis sequi sunt.', 5, '2020-10-11 09:29:50', '2020-10-11 09:29:50'),
(33, 106, 'Robbie Nienow', 'Doloribus laborum repellendus fugit beatae. Omnis id impedit dolor blanditiis non. Sit rem aliquam aliquid qui velit. Ut alias distinctio maiores sed temporibus est. Et harum optio ut tenetur id et praesentium.', 1, '2020-10-11 09:29:50', '2020-10-11 09:29:50'),
(34, 201, 'Dejuan Stehr', 'Sint dolores tempore beatae est vitae accusamus. Alias vel suscipit eum. Quasi eum omnis qui.', 3, '2020-10-11 09:29:50', '2020-10-11 09:29:50'),
(35, 19, 'Kaleb Spencer', 'Voluptate voluptas nobis harum aut architecto incidunt architecto. Culpa nihil itaque et aut et est error. Quo vitae inventore quia nulla.', 2, '2020-10-11 09:29:50', '2020-10-11 09:29:50'),
(36, 182, 'Dr. Isac Fritsch', 'Dolor vel incidunt eligendi modi. Blanditiis id laborum ad ut et sint. Facere omnis enim a recusandae illum quia omnis. Sit expedita doloribus omnis omnis nesciunt unde quo. Animi sit excepturi atque voluptate facilis qui.', 3, '2020-10-11 09:29:50', '2020-10-11 09:29:50'),
(37, 109, 'Michale O\'Keefe II', 'Occaecati sed et consectetur nisi. Quidem voluptatem nihil numquam. Officiis sit inventore omnis vel fugiat sint. Aut id ab quia.', 3, '2020-10-11 09:29:50', '2020-10-11 09:29:50'),
(38, 123, 'Dylan Gorczany', 'Deserunt ut vel consequatur. Beatae et quisquam et animi odit molestiae nemo. Eum quo quia aut. Sit sed ut ipsa et. Sapiente fuga iure sunt dolores rem illum sunt.', 4, '2020-10-11 09:29:50', '2020-10-11 09:29:50'),
(39, 204, 'Dr. Ross Brekke', 'Delectus omnis qui et debitis ad sit error quae. Molestias eum laudantium neque sit tempora molestias non. Omnis tempore sed quibusdam quidem non aut cumque nemo.', 0, '2020-10-11 09:29:50', '2020-10-11 09:29:50'),
(40, 157, 'Ocie Koelpin PhD', 'Necessitatibus dignissimos nulla enim sed et quia. Voluptas sapiente maiores eius. Aspernatur culpa minima quisquam ut recusandae est eaque.', 1, '2020-10-11 09:29:50', '2020-10-11 09:29:50'),
(41, 215, 'Tatum Johnston', 'Autem et sunt ut. Et consequatur sint dolor culpa exercitationem inventore provident. Nostrum officia est est vel. Dignissimos asperiores ratione alias quo nesciunt et.', 4, '2020-10-11 09:29:50', '2020-10-11 09:29:50'),
(42, 31, 'Arely Parker IV', 'Nam et et aut vitae alias hic. Aperiam quo soluta culpa. Nam error occaecati veritatis fuga eum autem sunt quasi.', 1, '2020-10-11 09:29:51', '2020-10-11 09:29:51'),
(43, 148, 'Maximilian Raynor', 'Temporibus aut vel reiciendis. Aliquam ut possimus laboriosam.', 5, '2020-10-11 09:29:51', '2020-10-11 09:29:51'),
(44, 116, 'Mr. Jake Koch MD', 'Dignissimos reprehenderit ut sit nostrum repudiandae cum. Qui omnis autem molestiae ut reprehenderit dolores. Asperiores at quia similique accusamus consequatur qui ipsam. Et est labore ullam non ducimus possimus qui.', 2, '2020-10-11 09:29:51', '2020-10-11 09:29:51'),
(45, 185, 'Alisha Medhurst', 'Ut alias nihil enim voluptatem distinctio. Non sunt sint eveniet sunt unde quia. Soluta est provident porro minima magnam dolores.', 1, '2020-10-11 09:29:51', '2020-10-11 09:29:51'),
(46, 141, 'Nicklaus Cronin', 'Rem quia sit et eaque assumenda eos. Ut rerum voluptas occaecati. Qui veritatis sunt voluptatibus occaecati et officia cumque.', 5, '2020-10-11 09:29:51', '2020-10-11 09:29:51'),
(47, 207, 'Maiya Auer', 'In velit et ut. Iste eos aut qui excepturi sed consequatur nisi.', 1, '2020-10-11 09:29:51', '2020-10-11 09:29:51'),
(48, 102, 'Terrell Purdy', 'Exercitationem esse voluptatem qui ipsum fugit fugiat. Error vel magni est nobis minima.', 2, '2020-10-11 09:29:51', '2020-10-11 09:29:51'),
(49, 7, 'Miss Lilian Koepp', 'Alias est odio omnis. Aspernatur labore esse dolore consequuntur. Quos necessitatibus molestiae magnam beatae totam at dolores. Laudantium expedita est deleniti odit accusantium expedita. Alias sunt est eveniet neque molestiae ea non doloribus.', 5, '2020-10-11 09:29:51', '2020-10-11 09:29:51'),
(50, 150, 'Mr. Carlos Conroy', 'Voluptatem dolorem dolor beatae et dolores laudantium ex. Dolor non nihil tenetur voluptatem quasi. Officia quis aut sunt ut sed qui non. Ex amet exercitationem animi et nulla. Quisquam saepe sequi repudiandae error aspernatur laboriosam quibusdam quo.', 2, '2020-10-11 09:29:51', '2020-10-11 09:29:51'),
(51, 25, 'Ms. Heloise Dare DDS', 'Repellendus doloremque voluptate quia sint a eos maxime veniam. Dolorem culpa ipsum nihil. Doloribus tempora eos eveniet beatae nemo distinctio magni.', 2, '2020-10-11 09:29:51', '2020-10-11 09:29:51'),
(52, 23, 'Miss Dandre Walter', 'Debitis exercitationem quibusdam possimus. Error aut earum quidem fugiat voluptatem. Sit neque inventore molestiae eum hic velit omnis.', 4, '2020-10-11 09:29:51', '2020-10-11 09:29:51'),
(53, 160, 'Tabitha McGlynn', 'Hic nam dicta rerum dolorem. Consequatur aperiam amet omnis consequatur ipsam et. Qui tenetur aspernatur culpa ratione beatae voluptatem suscipit. Sequi accusamus eius fugiat fuga quibusdam explicabo dolor est.', 5, '2020-10-11 09:29:51', '2020-10-11 09:29:51'),
(54, 3, 'Floyd Lesch', 'Eligendi neque eum harum consequuntur error porro. Omnis iure et laudantium minus quia minima. Dolores consequatur consequatur enim suscipit animi ex beatae. Est eligendi eos omnis quia atque nostrum. Eos nisi a facilis quasi.', 0, '2020-10-11 09:29:51', '2020-10-11 09:29:51'),
(55, 149, 'Prof. Marian Boehm III', 'Et distinctio accusantium quia et. Sed voluptates eveniet laboriosam dolores sed sint. Asperiores natus qui blanditiis ipsam eius.', 3, '2020-10-11 09:29:51', '2020-10-11 09:29:51'),
(56, 215, 'Reyna Tremblay', 'Qui laboriosam similique sed reiciendis ex accusantium perferendis autem. Enim a hic maiores soluta voluptatibus qui. Fuga sunt et qui ullam aliquam facilis id.', 2, '2020-10-11 09:29:51', '2020-10-11 09:29:51'),
(57, 27, 'George Greenholt II', 'Delectus optio reiciendis iure ut. Architecto architecto distinctio non est necessitatibus. Et aliquam praesentium molestiae quia.', 2, '2020-10-11 09:29:51', '2020-10-11 09:29:51'),
(58, 77, 'Okey Pacocha', 'Temporibus error sunt molestias ullam. Illum nisi voluptatum nisi ea. Vitae voluptatem esse est quos vero nam.', 1, '2020-10-11 09:29:51', '2020-10-11 09:29:51'),
(59, 200, 'Dr. Anika Boyer', 'Aut sint quia qui explicabo numquam totam. Itaque quo eius accusantium placeat doloribus. Et labore hic porro rerum ut.', 4, '2020-10-11 09:29:51', '2020-10-11 09:29:51'),
(60, 134, 'Rupert Beahan', 'Voluptatum est suscipit harum atque natus harum aut. Sunt fuga similique rerum. Totam eaque eaque cumque ab aut. Ab eligendi tenetur minus mollitia perferendis praesentium.', 3, '2020-10-11 09:29:51', '2020-10-11 09:29:51'),
(61, 130, 'Bernardo Klein', 'Provident sed occaecati est qui ut non. Eos praesentium repellendus qui quia velit eos est autem. Provident aut autem nulla reiciendis. Corrupti nostrum nesciunt voluptates.', 2, '2020-10-11 09:29:51', '2020-10-11 09:29:51'),
(62, 194, 'Ephraim Sporer', 'Perspiciatis voluptate illum quis vitae. Voluptatem quas magni eum ipsa. Laboriosam quo quibusdam saepe hic porro aliquid. Ipsa corporis alias hic perspiciatis omnis nihil.', 4, '2020-10-11 09:29:51', '2020-10-11 09:29:51'),
(63, 69, 'Kareem Lang', 'Ut suscipit tempora in reiciendis. Assumenda nobis quia ut aliquid placeat velit. Sit illo nisi ratione nobis dolorem veniam nulla consectetur. Laborum sunt eveniet ut est suscipit quo.', 4, '2020-10-11 09:29:51', '2020-10-11 09:29:51'),
(64, 125, 'Charlie Brekke', 'Quod amet rem tempora quis consequatur sit voluptas. Neque consequatur qui et quia fugit. Aut aut qui nesciunt molestiae ea sit. Molestiae dolores voluptatem ea nulla.', 3, '2020-10-11 09:29:51', '2020-10-11 09:29:51'),
(65, 128, 'Carmine Walsh', 'Consectetur similique ea et dolorum nihil. Labore nesciunt aperiam dolores facilis. Explicabo enim culpa et.', 3, '2020-10-11 09:29:51', '2020-10-11 09:29:51'),
(66, 215, 'Alessia Lebsack', 'Accusantium veritatis blanditiis temporibus sit accusantium. Dolorum placeat voluptatem provident sed. Laborum pariatur a cupiditate sapiente nihil voluptatibus ad sit.', 0, '2020-10-11 09:29:51', '2020-10-11 09:29:51'),
(67, 147, 'Celine Conn Sr.', 'Ut excepturi ea neque repudiandae voluptas aperiam. Sit voluptas vero aut sequi officiis repudiandae. Natus qui amet ut molestiae rem ut necessitatibus.', 2, '2020-10-11 09:29:51', '2020-10-11 09:29:51'),
(68, 48, 'Michel Schaden', 'Reprehenderit temporibus rerum sint est et aspernatur. Incidunt consequuntur corporis deleniti corporis vitae ex. Pariatur totam ratione architecto porro.', 1, '2020-10-11 09:29:51', '2020-10-11 09:29:51'),
(69, 16, 'Prof. Earnestine Prohaska III', 'Illum unde porro necessitatibus repudiandae accusantium et eos. At mollitia nesciunt quod fugit ut commodi nihil commodi. Voluptas dolor ipsum delectus id. Nisi quod perferendis perspiciatis beatae.', 5, '2020-10-11 09:29:52', '2020-10-11 09:29:52'),
(70, 192, 'Donnie Ondricka', 'Tenetur est pariatur molestias nesciunt cum numquam. Consectetur at sed nemo aperiam necessitatibus. Eum in temporibus enim voluptas. Quas est suscipit quis doloribus.', 0, '2020-10-11 09:29:52', '2020-10-11 09:29:52'),
(71, 57, 'Wyman Hilpert IV', 'Autem labore voluptatem nobis harum earum architecto velit in. Soluta doloribus nihil et. Aut aut ut exercitationem accusamus quaerat quos. Aspernatur quibusdam placeat numquam voluptas.', 3, '2020-10-11 09:29:52', '2020-10-11 09:29:52'),
(72, 215, 'Rebeka Feeney', 'Est hic aut consequatur rerum explicabo. Repellendus delectus provident sequi quisquam. Alias aspernatur odio ratione deserunt. Eveniet aut iusto natus neque.', 3, '2020-10-11 09:29:52', '2020-10-11 09:29:52'),
(73, 18, 'Zena Miller', 'Unde error sapiente ad possimus ut eum. Provident dolore consequatur vero et perferendis soluta sunt. Aut unde doloribus omnis ut consequatur aut. Sunt aspernatur ipsum ipsa ea maiores. Explicabo illo necessitatibus dignissimos ex quisquam aperiam.', 5, '2020-10-11 09:29:52', '2020-10-11 09:29:52'),
(74, 31, 'Isadore Fadel', 'A odio repellat voluptatem sint libero et. Fugit et id optio officiis et eaque. Eum molestias eveniet aliquam qui. Voluptate rerum error dolor dolor cum.', 5, '2020-10-11 09:29:52', '2020-10-11 09:29:52'),
(75, 91, 'Telly Hackett', 'Quas quaerat iusto nemo quo enim tenetur. Nisi consequatur qui ea nisi iusto. Eum aspernatur facilis laudantium vitae debitis eaque sed. Molestiae et corporis qui quod cumque autem.', 4, '2020-10-11 09:29:52', '2020-10-11 09:29:52'),
(76, 214, 'Monique Grant', 'Harum et commodi quo ut. Illo necessitatibus sunt eum non. Sapiente cumque placeat perspiciatis facilis. Ipsum deleniti laboriosam dolorem fuga voluptatibus ad quis cumque.', 2, '2020-10-11 09:29:52', '2020-10-11 09:29:52'),
(77, 74, 'Zander Gorczany', 'Velit odio dolorem ducimus odit voluptas est. Sit non qui ea et esse id. Sit perferendis sunt eaque consequatur sunt accusantium est. Minima dolore fuga similique sint dignissimos nostrum.', 5, '2020-10-11 09:29:52', '2020-10-11 09:29:52'),
(78, 169, 'Orlando Senger DDS', 'Vitae itaque ipsam nihil molestiae odit odit. Qui omnis atque in dolor tenetur cum voluptas tempore. Ipsum error officia ex qui odit molestiae. Reprehenderit omnis saepe vitae ut fugiat quibusdam eum. Aliquam blanditiis et repudiandae nihil ut ut delectus.', 5, '2020-10-11 09:29:52', '2020-10-11 09:29:52'),
(79, 126, 'Dr. Dexter Murphy', 'Beatae qui adipisci qui. Aut numquam perferendis possimus harum asperiores cumque quo. Veritatis facere laudantium nam ipsa. Praesentium non vitae vel veniam laboriosam.', 0, '2020-10-11 09:29:52', '2020-10-11 09:29:52'),
(80, 74, 'Lavinia Davis Jr.', 'Odio enim laudantium ut tenetur. In repudiandae voluptatibus incidunt eveniet est similique facilis. Dolorem similique dolor sit et deleniti praesentium. Excepturi et repellendus recusandae.', 5, '2020-10-11 09:29:52', '2020-10-11 09:29:52'),
(81, 48, 'Jon Gibson', 'Ea laudantium alias occaecati odio. Qui ducimus nulla itaque vel. Corporis expedita quod sit quasi ut.', 0, '2020-10-11 09:29:52', '2020-10-11 09:29:52'),
(82, 151, 'Leonor Veum', 'Debitis voluptatum molestias voluptates est pariatur eius. Ullam porro explicabo at ut mollitia quis. Tempore eos sapiente nulla aliquam. Aut qui est et.', 1, '2020-10-11 09:29:52', '2020-10-11 09:29:52'),
(83, 14, 'Cory Kunze', 'Et quas nam recusandae id minima odio et sunt. Omnis magnam molestias ratione reiciendis velit. Aut aut magnam facilis est.', 1, '2020-10-11 09:29:52', '2020-10-11 09:29:52'),
(84, 40, 'Wilburn Luettgen DDS', 'Quibusdam officia illo qui molestias nobis aut et. Hic esse suscipit aut ut. Error iusto vero libero voluptate consectetur. Corporis vel quasi tempora quis.', 0, '2020-10-11 09:29:52', '2020-10-11 09:29:52'),
(85, 39, 'Lonny Shanahan III', 'Fugit inventore perspiciatis excepturi facilis fugit quia. Et incidunt cumque nihil iste ullam vero est sit. Sint alias esse impedit dolores cumque. Voluptatem laborum vel ipsam blanditiis possimus.', 5, '2020-10-11 09:29:52', '2020-10-11 09:29:52'),
(86, 80, 'Carole Dach I', 'Quo possimus soluta beatae ullam. Corrupti velit id veniam velit aut eaque sint. Quia et nobis velit earum qui. Rem aut consequatur corporis unde.', 4, '2020-10-11 09:29:52', '2020-10-11 09:29:52'),
(87, 155, 'Dorthy Jaskolski', 'Qui suscipit laboriosam suscipit autem aut nisi cupiditate. Minus dolor quia et. Aut ea consequatur a aut.', 4, '2020-10-11 09:29:52', '2020-10-11 09:29:52'),
(88, 147, 'Mrs. Judy Connelly', 'Et provident sit quae et rerum. Optio quis fugiat aliquid non qui. Beatae deserunt omnis illo sunt repudiandae sed et. Et dicta quibusdam rerum quasi dignissimos autem vero ipsum.', 4, '2020-10-11 09:29:52', '2020-10-11 09:29:52'),
(89, 18, 'Imelda Abernathy DDS', 'Similique in magnam aut quas. Sed occaecati esse quia atque. Porro temporibus et unde.', 3, '2020-10-11 09:29:52', '2020-10-11 09:29:52'),
(90, 220, 'Prof. Brittany Dare', 'Neque quas optio repellat totam. Possimus vel quas delectus voluptatem omnis. Corrupti et voluptatem magnam in enim odio. Dolore saepe quis architecto. Tenetur officiis sapiente eveniet amet.', 3, '2020-10-11 09:29:52', '2020-10-11 09:29:52'),
(91, 180, 'Prof. Enoch Boyle DDS', 'Et expedita omnis enim fuga alias. Veniam expedita at iure cupiditate at est. Impedit facilis quo aut cumque quae est.', 5, '2020-10-11 09:29:52', '2020-10-11 09:29:52'),
(92, 134, 'Aurore Wiza', 'Illo optio quam illum dolor. Quidem ut alias ab cupiditate. Consequuntur magnam sit non quia omnis rerum reiciendis unde. Praesentium dicta eum vel voluptate.', 2, '2020-10-11 09:29:52', '2020-10-11 09:29:52'),
(93, 202, 'Dr. Rashad Rath V', 'Et suscipit tempore laborum aut. Cumque tenetur recusandae labore fugiat laboriosam aliquam voluptatem. Et sed dolor laboriosam saepe quis. Aut fugiat delectus quisquam.', 2, '2020-10-11 09:29:52', '2020-10-11 09:29:52'),
(94, 20, 'Colin Mohr', 'Dolores sunt molestiae dolorem. Beatae sequi expedita ut hic a maiores iure. Reprehenderit quo laboriosam aut aut.', 2, '2020-10-11 09:29:52', '2020-10-11 09:29:52'),
(95, 99, 'Lola Mitchell', 'Laudantium alias est et dolores. Ullam laudantium ea facilis recusandae inventore neque. Ducimus placeat dolorum asperiores ipsam harum vel.', 5, '2020-10-11 09:29:52', '2020-10-11 09:29:52'),
(96, 191, 'Laverna Leannon Jr.', 'Asperiores sed quod sint. Quo ab aut nemo rem. Rem sit corrupti aliquid similique provident quaerat occaecati.', 1, '2020-10-11 09:29:53', '2020-10-11 09:29:53'),
(97, 32, 'Mr. Percival Kuhic', 'Molestiae voluptas nihil a animi quos illum aut. Laboriosam exercitationem dolorem accusantium vel sit odio ea provident. Ipsa sed alias similique accusantium atque aut consequatur magni.', 5, '2020-10-11 09:29:53', '2020-10-11 09:29:53'),
(98, 93, 'Miss Esther Mayer DVM', 'Nulla consequatur quibusdam quis voluptas doloremque omnis velit. Soluta vitae quia et nihil illum. Rem suscipit exercitationem earum voluptatibus qui et dolor. Numquam commodi aut ipsam repudiandae.', 5, '2020-10-11 09:29:53', '2020-10-11 09:29:53'),
(99, 177, 'Mr. Larue Morissette Jr.', 'Occaecati quisquam voluptatem libero delectus aut vel. Eius molestiae illum enim beatae ut occaecati sint.', 2, '2020-10-11 09:29:53', '2020-10-11 09:29:53'),
(100, 62, 'Jackeline Bogan', 'Et incidunt itaque accusamus est iste praesentium. Dolorem cumque quidem rerum expedita. Consequatur rerum dolorem quisquam explicabo quas.', 2, '2020-10-11 09:29:53', '2020-10-11 09:29:53'),
(101, 161, 'Magnolia Tillman', 'Rerum magnam itaque quia reiciendis voluptatem. Recusandae et provident quia consequatur.', 0, '2020-10-11 09:29:53', '2020-10-11 09:29:53'),
(102, 73, 'Eliezer Mann', 'Debitis totam libero ut. Nihil tenetur inventore laborum omnis neque alias dolor nobis. Ipsum perspiciatis quae necessitatibus enim commodi. Ipsum quae velit sed consequatur velit ea iste.', 1, '2020-10-11 09:29:53', '2020-10-11 09:29:53'),
(103, 122, 'Mr. Hilbert Runolfsdottir DDS', 'Quia qui autem distinctio molestiae qui. Perspiciatis quia est explicabo cupiditate dicta ut ut. Culpa quidem necessitatibus quia fuga eligendi.', 3, '2020-10-11 09:29:53', '2020-10-11 09:29:53'),
(104, 2, 'Damien Tromp', 'Omnis ut perspiciatis non consequatur ut dolor. Eius voluptatem hic qui repudiandae facere minus sed. Cumque ad iste quos modi numquam harum.', 0, '2020-10-11 09:29:53', '2020-10-11 09:29:53'),
(105, 4, 'Elias Batz', 'Debitis et blanditiis eaque beatae omnis laboriosam qui. In eveniet reprehenderit molestiae modi qui quia consequatur. Sapiente quos voluptatem tenetur suscipit fugit.', 2, '2020-10-11 09:29:53', '2020-10-11 09:29:53'),
(106, 209, 'Marisol Wisoky', 'Omnis neque enim vitae occaecati ratione culpa exercitationem. Harum similique odio neque est itaque. Nisi reiciendis itaque veniam aut aut. Quisquam accusamus sit ut et impedit. Inventore ad voluptatem debitis veritatis.', 5, '2020-10-11 09:29:53', '2020-10-11 09:29:53'),
(107, 40, 'Tara Conroy', 'Incidunt tempora ullam eum ut beatae. Et eos impedit nulla aut. Sunt quaerat nobis rem magni. Sint illum corporis aut sit soluta.', 1, '2020-10-11 09:29:53', '2020-10-11 09:29:53'),
(108, 72, 'Jayden Sporer', 'Fuga fuga deleniti ea sed quo autem vero. Sit tenetur quos et sequi. Quod nam reprehenderit laborum perspiciatis amet perferendis.', 0, '2020-10-11 09:29:53', '2020-10-11 09:29:53'),
(109, 144, 'Rita Barton IV', 'Sequi ipsa corrupti maxime. Aut exercitationem voluptates qui eius omnis dolor minima. Nesciunt deleniti enim molestiae eveniet. Distinctio itaque ea ab aut nam repellendus et consequatur.', 2, '2020-10-11 09:29:53', '2020-10-11 09:29:53'),
(110, 193, 'Cielo Stark', 'Sed molestias nostrum eos vero. Recusandae fugiat rerum ullam dolores maiores qui. Ipsum alias rerum sed fugit occaecati ea aliquam. Dignissimos rerum asperiores omnis et veritatis ut. Et soluta blanditiis facere.', 2, '2020-10-11 09:29:54', '2020-10-11 09:29:54'),
(111, 68, 'Domenico Sauer', 'Voluptatem minima nostrum non aut. Ut voluptas dolore id dolores autem et quia. Animi voluptatum consequatur at illo ut sit quae.', 0, '2020-10-11 09:29:54', '2020-10-11 09:29:54'),
(112, 34, 'Mike Schroeder', 'Facilis reprehenderit quasi autem voluptas qui porro omnis. Ut sit est sed autem similique. Illum omnis magni quas et voluptas dolor optio.', 1, '2020-10-11 09:29:54', '2020-10-11 09:29:54'),
(113, 122, 'Rosalind Willms', 'Ex reprehenderit quia quia quod dolores veniam eveniet eum. Excepturi quidem voluptatem dolor ut ipsa ullam. Culpa ut exercitationem neque et.', 2, '2020-10-11 09:29:54', '2020-10-11 09:29:54'),
(114, 38, 'Mrs. Oceane Eichmann', 'Possimus dolore eos cupiditate nihil expedita. Sapiente explicabo quidem ducimus ab soluta. Inventore qui illo cum eius dolorem aut qui. Quod minima quia eligendi commodi dolores et earum.', 0, '2020-10-11 09:29:54', '2020-10-11 09:29:54'),
(115, 131, 'Gilbert Osinski', 'Quam facere corporis exercitationem voluptatum et aliquam id. Non qui odit enim enim. Vitae architecto adipisci adipisci eos. Optio est minima sunt qui quae ut eum.', 2, '2020-10-11 09:29:54', '2020-10-11 09:29:54'),
(116, 174, 'Ardella Towne', 'Aut adipisci autem voluptatum alias. Quisquam hic aut facilis unde asperiores repudiandae. Nihil saepe totam voluptatem adipisci.', 4, '2020-10-11 09:29:54', '2020-10-11 09:29:54'),
(117, 68, 'Gardner Tromp Sr.', 'Distinctio assumenda quia sunt eaque. Dolores dolor porro repudiandae. Aut ipsam in et.', 4, '2020-10-11 09:29:54', '2020-10-11 09:29:54'),
(118, 188, 'Dr. Lottie Abbott II', 'Temporibus repellat qui voluptatum deserunt. Praesentium cupiditate autem dolore officiis quos. Dolores voluptatem vel eum aut commodi ut. Repellendus minus optio quia quaerat et.', 4, '2020-10-11 09:29:54', '2020-10-11 09:29:54'),
(119, 175, 'Ewald Gaylord', 'Beatae rem voluptas amet dolor. Voluptates delectus aut et similique aperiam ex reiciendis. Qui dolorem sapiente voluptatem.', 2, '2020-10-11 09:29:54', '2020-10-11 09:29:54'),
(120, 128, 'May Hayes', 'Quam culpa et placeat culpa commodi placeat. Quidem repellendus nobis esse illum nihil. Nobis ipsam modi velit aliquam sed. Magnam id sit quos non corrupti temporibus.', 0, '2020-10-11 09:29:54', '2020-10-11 09:29:54'),
(121, 112, 'Arlie Botsford', 'Doloribus fugit ratione tempore est aliquid. Voluptatibus praesentium possimus id porro voluptatem aperiam. Est omnis beatae earum. Voluptatem quo velit quia incidunt voluptatem nisi optio. Qui consectetur itaque et qui totam laudantium est.', 0, '2020-10-11 09:29:54', '2020-10-11 09:29:54'),
(122, 53, 'Alan Hegmann', 'Fugit nulla quibusdam vel sit deleniti. Neque quia minima itaque. Necessitatibus harum dolorem ut ut quod. Facilis iusto vero ullam voluptates recusandae distinctio.', 5, '2020-10-11 09:29:54', '2020-10-11 09:29:54'),
(123, 83, 'Miss Constance Parisian', 'Ab et repudiandae et ad qui et incidunt. Est quam veniam eos dolorem magni ea ipsum labore. Fugiat ea praesentium rerum ut facilis accusamus. Iusto temporibus sit dignissimos possimus.', 2, '2020-10-11 09:29:54', '2020-10-11 09:29:54'),
(124, 106, 'Zackary Rice', 'Dignissimos minus cumque sapiente. Animi et autem quia assumenda eos pariatur repudiandae. Voluptatem modi saepe est.', 0, '2020-10-11 09:29:54', '2020-10-11 09:29:54'),
(125, 9, 'Miss Belle Walsh', 'Est facilis tempora omnis odit. Similique autem autem nostrum veritatis culpa praesentium. Distinctio rerum rerum dolore numquam id. Omnis officiis non deleniti quae ipsam enim placeat.', 1, '2020-10-11 09:29:54', '2020-10-11 09:29:54'),
(126, 30, 'Leopoldo Smith', 'Dolor possimus molestias qui non reprehenderit. Cumque repellendus quo neque voluptatem velit labore cupiditate voluptas. Ea atque doloremque et illum quia distinctio.', 0, '2020-10-11 09:29:54', '2020-10-11 09:29:54'),
(127, 49, 'Jaden Cummings', 'Cum iure in recusandae molestiae velit facere voluptas. Magnam vitae omnis aliquam doloremque ut quos.', 1, '2020-10-11 09:29:54', '2020-10-11 09:29:54'),
(128, 164, 'Lenna Crist', 'Ratione eveniet sed qui neque eveniet voluptatem. Exercitationem atque ut a quos cumque. Sed voluptatem ut temporibus rerum sed.', 2, '2020-10-11 09:29:54', '2020-10-11 09:29:54'),
(129, 190, 'Mr. Leonardo Kling', 'Dolorem nisi aliquam laboriosam quas magni amet. Est et earum neque perspiciatis omnis similique. Provident laboriosam rerum nihil asperiores.', 3, '2020-10-11 09:29:55', '2020-10-11 09:29:55'),
(130, 61, 'Prof. Brandon Witting', 'Cumque aut rerum fuga ut repellendus et molestiae. Eum consequatur rerum et omnis autem. Nostrum aut ut voluptatibus quia et. Expedita praesentium quisquam officia non quam quam asperiores laboriosam.', 2, '2020-10-11 09:29:55', '2020-10-11 09:29:55'),
(131, 110, 'Stewart Franecki', 'Suscipit aperiam at sunt et aut molestias quia consequatur. Ea sint dolores temporibus quaerat molestiae iure. Consectetur nulla ullam eum deleniti ut.', 1, '2020-10-11 09:29:55', '2020-10-11 09:29:55'),
(132, 11, 'Tito Runolfsson', 'Unde numquam temporibus quia odio eos. Ex ut eligendi vel sed. Recusandae quod consequatur ut et facere incidunt.', 2, '2020-10-11 09:29:55', '2020-10-11 09:29:55'),
(133, 132, 'Cade Gutmann', 'Unde accusantium dolores temporibus. Reprehenderit quam est aperiam repudiandae sed similique. Sed suscipit et impedit aut explicabo dolorem.', 5, '2020-10-11 09:29:55', '2020-10-11 09:29:55'),
(134, 183, 'Nico Mann PhD', 'Qui maxime fugiat fugit est perferendis sed. Sunt nihil quis iure maxime sint sit quo. Quia esse quia dolorem quasi qui tempore.', 3, '2020-10-11 09:29:55', '2020-10-11 09:29:55'),
(135, 192, 'Loren Runolfsson', 'Aut non eligendi est provident qui iste. Qui beatae sint quis sunt quod similique. Et aut nihil quisquam exercitationem molestiae modi aliquid. Soluta rerum dolores quibusdam dolorem in.', 5, '2020-10-11 09:29:55', '2020-10-11 09:29:55'),
(136, 103, 'Mrs. Shanna Kunze', 'Qui doloribus aut quia consequatur voluptatibus eligendi eum aut. Non minima sequi dolore. Similique asperiores accusantium unde. Voluptatem nemo cumque aspernatur.', 2, '2020-10-11 09:29:55', '2020-10-11 09:29:55'),
(137, 66, 'Tavares Reinger DDS', 'Fugiat quidem ea cum sint aut unde. Sint et quae excepturi ipsam non omnis. Voluptas velit nihil molestias voluptatem a. Ut non tenetur qui voluptatem ea atque consequatur.', 2, '2020-10-11 09:29:55', '2020-10-11 09:29:55'),
(138, 42, 'Felton D\'Amore', 'Exercitationem aliquid nam nam. Architecto ut aut aut fuga molestiae nulla ea. Labore necessitatibus mollitia beatae ab omnis aut. Consequatur fugiat consequatur at est non.', 0, '2020-10-11 09:29:55', '2020-10-11 09:29:55'),
(139, 57, 'Dr. Rhiannon Conn', 'Ipsam quia ad omnis provident eos nisi. Dignissimos quam perspiciatis eius et. Unde rerum eum qui quo itaque debitis.', 5, '2020-10-11 09:29:55', '2020-10-11 09:29:55'),
(140, 5, 'Prof. Magnolia McDermott MD', 'Officiis ea occaecati fuga laudantium est inventore labore. Minus enim aut neque. Magni asperiores exercitationem eos similique quae. Tenetur quisquam fugit optio placeat distinctio.', 2, '2020-10-11 09:29:55', '2020-10-11 09:29:55'),
(141, 115, 'Renee Wyman', 'In delectus alias iure. Optio illo dolore distinctio hic adipisci. Iste distinctio doloremque molestiae occaecati.', 4, '2020-10-11 09:29:55', '2020-10-11 09:29:55'),
(142, 209, 'Mr. Jackson Goyette', 'Est quo accusamus mollitia est occaecati laborum est. Sed qui nihil aut nemo. Reprehenderit iusto aut maiores sit voluptate alias.', 5, '2020-10-11 09:29:55', '2020-10-11 09:29:55'),
(143, 134, 'Aubrey Veum', 'Ad libero consequatur architecto omnis. Dignissimos quia enim velit earum. Sapiente cum aut quidem eius. Et ad modi inventore animi voluptates.', 1, '2020-10-11 09:29:55', '2020-10-11 09:29:55'),
(144, 112, 'Miss Ardith Borer', 'Molestias non voluptatibus dolor et vero tempore numquam. Optio qui quae maxime. Pariatur qui totam ut recusandae ut. Magnam quibusdam fuga reprehenderit quo.', 4, '2020-10-11 09:29:55', '2020-10-11 09:29:55'),
(145, 16, 'Leanne Vandervort', 'Voluptatem consequatur possimus iure cum labore et repellendus. Sit dicta quibusdam rerum qui beatae nisi inventore. Quasi a incidunt odit earum. Quod quod tenetur eos amet at a dolore.', 4, '2020-10-11 09:29:55', '2020-10-11 09:29:55'),
(146, 218, 'Santina Hamill', 'Fugit dignissimos in aut voluptate ea voluptas laudantium. Ex necessitatibus molestias distinctio nihil debitis qui expedita explicabo. Illo voluptates voluptatum tempore officia possimus ea velit et. Quas modi nulla et ab.', 5, '2020-10-11 09:29:55', '2020-10-11 09:29:55'),
(147, 30, 'Titus McCullough', 'Et iusto amet quidem ut quia. Qui alias culpa aut quis. Ex quod similique dolor voluptatem rerum. Occaecati asperiores laboriosam distinctio aspernatur ea ullam dolorem.', 2, '2020-10-11 09:29:55', '2020-10-11 09:29:55'),
(148, 53, 'Hillard Gerhold I', 'Dolorem corporis iste veritatis totam. Consequatur a consequatur corrupti. Quisquam sit quia est fugiat voluptas dicta quia. Quas et est dolores omnis doloremque aliquid dolorum.', 1, '2020-10-11 09:29:55', '2020-10-11 09:29:55'),
(149, 174, 'Dr. Josue Braun III', 'Ut commodi recusandae possimus sed dolore iste. Enim ducimus vel dolorem et accusamus. Dolores rerum ratione mollitia magni sint. A voluptas facilis delectus ad est sed reiciendis ut.', 0, '2020-10-11 09:29:55', '2020-10-11 09:29:55'),
(150, 201, 'Joy Wehner', 'Quo ea aut perferendis aut. Porro natus reiciendis magnam quis dolore itaque porro rerum.', 5, '2020-10-11 09:29:55', '2020-10-11 09:29:55'),
(151, 126, 'Mrs. Zelda Gleason', 'Distinctio vel quod omnis asperiores aperiam amet. Laborum quo explicabo quas magni. Et quia cupiditate aut et corporis. Molestiae rerum iste voluptatum unde pariatur.', 0, '2020-10-11 09:29:55', '2020-10-11 09:29:55'),
(152, 99, 'Mr. Ryder Beer', 'Eos ipsa sint alias eligendi adipisci autem facere. Magni in aut et consectetur asperiores. Suscipit expedita in occaecati possimus molestiae quae eaque. Cum sed dolor odio aut doloremque perferendis. Perspiciatis debitis repellendus totam sed provident eligendi.', 1, '2020-10-11 09:29:55', '2020-10-11 09:29:55'),
(153, 128, 'Adriel Wuckert', 'Voluptatem veritatis placeat maiores magnam nulla voluptas. Illo eos optio vel maxime maiores qui sed. Et debitis numquam dignissimos architecto.', 3, '2020-10-11 09:29:56', '2020-10-11 09:29:56'),
(154, 153, 'Hubert Schultz PhD', 'Porro fugiat modi numquam debitis dolore rem a. Voluptatem harum et libero architecto odio nemo. Quas quas qui excepturi omnis. Eaque ut dolorem nostrum adipisci at.', 5, '2020-10-11 09:29:56', '2020-10-11 09:29:56'),
(155, 81, 'Miss Willow Hudson III', 'Voluptas quod libero ut magnam vel ad consequuntur. Architecto et est et unde. Officiis sunt asperiores itaque.', 2, '2020-10-11 09:29:56', '2020-10-11 09:29:56'),
(156, 82, 'Marielle Moen', 'Voluptas voluptatem natus maxime nesciunt aut dolores iusto voluptatem. Repellendus ut deleniti et odit molestias autem. Nesciunt sint blanditiis distinctio nobis ipsum quod.', 5, '2020-10-11 09:29:56', '2020-10-11 09:29:56'),
(157, 166, 'Karolann Zulauf I', 'Quaerat incidunt vero dolor. Debitis minus totam rerum ipsum repellendus. Quis et voluptatem iusto tempora repellat facilis repellendus voluptatibus.', 4, '2020-10-11 09:29:56', '2020-10-11 09:29:56'),
(158, 27, 'Miss Celine Wehner', 'Est ad aliquam impedit architecto placeat quaerat. Et rerum quos cupiditate iure doloribus laudantium. Ut et tempora laudantium debitis quae. Perferendis veniam ducimus et quis et voluptas.', 4, '2020-10-11 09:29:56', '2020-10-11 09:29:56'),
(159, 15, 'Ms. Zoey Murazik MD', 'Architecto aspernatur voluptatem sapiente reiciendis dolores sunt ullam. Commodi est molestiae accusamus in debitis sed enim. Doloribus esse dignissimos in quia beatae facilis nam.', 0, '2020-10-11 09:29:56', '2020-10-11 09:29:56'),
(160, 191, 'Dr. Junius Rowe', 'Est ut totam qui laudantium sed. Voluptatem occaecati impedit repellendus deserunt ut dolorem.', 2, '2020-10-11 09:29:56', '2020-10-11 09:29:56'),
(161, 91, 'Citlalli Becker', 'Minima et culpa quasi repellat laborum modi dignissimos deserunt. Sequi autem quibusdam quia. Qui et nam labore quo ea.', 4, '2020-10-11 09:29:56', '2020-10-11 09:29:56'),
(162, 37, 'Abelardo Rutherford', 'Optio sed nobis eum. Molestiae ipsam ut vel cum. Accusamus nisi omnis at quis quaerat aut saepe asperiores. A delectus qui cupiditate explicabo fugit magnam rerum.', 5, '2020-10-11 09:29:56', '2020-10-11 09:29:56'),
(163, 133, 'Ray Carter', 'Enim distinctio in fugiat id est sapiente perspiciatis. Quae qui ipsum in est qui. Numquam autem qui perferendis ipsa in.', 1, '2020-10-11 09:29:56', '2020-10-11 09:29:56'),
(164, 106, 'Woodrow Kub DDS', 'Magnam omnis quaerat voluptatibus non culpa. Laboriosam excepturi rerum beatae. Quia non perferendis quisquam et praesentium rerum dolores.', 5, '2020-10-11 09:29:56', '2020-10-11 09:29:56'),
(165, 144, 'Bradly Keebler', 'Ea est qui expedita eum. Itaque ipsa asperiores quia est error. Eligendi accusantium distinctio dolorem et rerum est.', 4, '2020-10-11 09:29:56', '2020-10-11 09:29:56'),
(166, 43, 'Araceli Kessler', 'Et laboriosam neque culpa quam voluptatem reprehenderit. Nemo ut et doloribus ullam ipsa aut. Nulla cumque consequuntur qui excepturi nulla consectetur.', 2, '2020-10-11 09:29:56', '2020-10-11 09:29:56'),
(167, 167, 'Prof. Devonte Mraz MD', 'Quia laborum sit cupiditate modi. Ut eos iste est tempora vel nesciunt quibusdam. Sit voluptas sint qui voluptates nemo velit. Nisi maxime et magni est voluptatem eos rem non.', 2, '2020-10-11 09:29:56', '2020-10-11 09:29:56'),
(168, 70, 'Fredrick Sauer', 'Harum eos facilis quo aliquid. Debitis aut quia quam. Optio reprehenderit at quo voluptates nihil.', 3, '2020-10-11 09:29:56', '2020-10-11 09:29:56'),
(169, 181, 'Miss Florida Carroll PhD', 'Occaecati nihil quisquam error mollitia nihil voluptas. Et voluptatem totam quia sint eligendi. Ut et pariatur quis rerum.', 0, '2020-10-11 09:29:56', '2020-10-11 09:29:56'),
(170, 189, 'Dr. Marjorie Kulas', 'Dolore libero et minus alias quia voluptate. Atque nesciunt ex eaque qui fuga pariatur atque. Culpa et nisi voluptatem sunt reprehenderit omnis esse quas. Magnam dicta cum eligendi voluptas.', 5, '2020-10-11 09:29:56', '2020-10-11 09:29:56'),
(171, 165, 'Karlie Jacobi DDS', 'Officia aspernatur non optio molestiae sint quasi. Dolore qui doloremque qui sed et repellat consequatur. Qui cumque perferendis dolorum voluptatibus ipsam. Officiis impedit non distinctio non.', 3, '2020-10-11 09:29:56', '2020-10-11 09:29:56'),
(172, 11, 'Nettie Wiza', 'Eum et corrupti expedita qui sed dolorem. Unde laudantium suscipit est voluptatem itaque. Optio omnis ut id porro rerum. Voluptatum error dolor qui voluptate.', 0, '2020-10-11 09:29:56', '2020-10-11 09:29:56'),
(173, 64, 'Emely Bednar', 'Sed repudiandae quia qui adipisci. Aut consequatur praesentium modi unde ipsam. In corrupti dolorem rem.', 2, '2020-10-11 09:29:56', '2020-10-11 09:29:56'),
(174, 217, 'Dr. Mozelle Brown DDS', 'Sequi et ut libero dicta dolore. Maiores temporibus eos dolor consequatur voluptates aliquam facilis consequatur. Possimus non nostrum quo nobis qui. Laborum quis quis distinctio quisquam.', 3, '2020-10-11 09:29:56', '2020-10-11 09:29:56'),
(175, 156, 'Sydnie Welch PhD', 'Et illo sint dignissimos eos provident accusantium. Perferendis est fugit quae inventore. Ex necessitatibus consequatur sed ad.', 4, '2020-10-11 09:29:56', '2020-10-11 09:29:56'),
(176, 44, 'Reta Buckridge', 'Rem ratione similique reiciendis non officia omnis minima. Totam enim voluptas qui. Totam voluptas id voluptatum nulla non quaerat.', 4, '2020-10-11 09:29:56', '2020-10-11 09:29:56'),
(177, 166, 'Jean Farrell', 'Facilis perspiciatis quia et totam sint. Aut nisi eveniet numquam sed qui et. Nisi blanditiis aliquid excepturi nihil. Sapiente qui quia natus consequatur est.', 2, '2020-10-11 09:29:56', '2020-10-11 09:29:56'),
(178, 76, 'Dr. Justyn Pouros', 'Expedita voluptatibus nam iure facere qui eos temporibus. Iste voluptas quia quia velit facilis aut ipsam suscipit. Unde pariatur et voluptates quos vitae. Vel atque accusamus incidunt est dolore quia quo.', 1, '2020-10-11 09:29:56', '2020-10-11 09:29:56'),
(179, 47, 'Damaris Trantow', 'Et esse magni dolorem nesciunt labore. Ipsum ut magni rem. Esse possimus ea aut assumenda maxime nihil consectetur.', 0, '2020-10-11 09:29:56', '2020-10-11 09:29:56'),
(180, 17, 'Orrin Bauch', 'Corrupti maxime ullam repellendus in. Hic amet magni itaque nemo qui. Quia ad temporibus laborum voluptatum.', 3, '2020-10-11 09:29:57', '2020-10-11 09:29:57'),
(181, 187, 'Roberta Luettgen', 'Excepturi eos numquam est. Pariatur ratione beatae tempore est consequatur et ex. Neque vel tempore aut amet doloremque harum. Laboriosam aliquam ab omnis et blanditiis modi ipsa.', 1, '2020-10-11 09:29:57', '2020-10-11 09:29:57'),
(182, 166, 'Jerad Witting', 'Voluptatem vero esse occaecati. Alias similique vel ullam enim ut et repellendus. Quod illo rerum hic ut saepe dolore. Illum est et culpa facere possimus rerum dolorem. Corporis voluptatem laborum repellendus.', 0, '2020-10-11 09:29:57', '2020-10-11 09:29:57'),
(183, 169, 'Delta Sporer', 'Iste aspernatur nam aut aut nesciunt. Voluptas inventore voluptates est numquam repellendus in nihil. Aut praesentium saepe corporis tempora perferendis.', 2, '2020-10-11 09:29:57', '2020-10-11 09:29:57'),
(184, 114, 'Nellie Casper MD', 'Nesciunt qui enim delectus aut. Eligendi cum quia ut voluptatem debitis. Dolores ipsam tempora consectetur dicta. Sint accusantium officiis voluptates architecto neque ea. Modi repellat maiores occaecati nam ad.', 2, '2020-10-11 09:29:57', '2020-10-11 09:29:57'),
(185, 83, 'Lauren Frami', 'Unde at sed ipsa ea sit. Sapiente nobis fuga reprehenderit. Porro possimus est aspernatur iusto. Nostrum quisquam delectus temporibus.', 0, '2020-10-11 09:29:57', '2020-10-11 09:29:57'),
(186, 86, 'Dr. John Graham', 'Ab quia aliquid in in amet. At sed et dolores porro deleniti molestiae. Molestiae autem iure est rem magnam incidunt et. Temporibus illum rem quaerat sunt.', 3, '2020-10-11 09:29:57', '2020-10-11 09:29:57'),
(187, 164, 'Madisyn Stracke', 'Qui sed doloribus deserunt id qui debitis voluptates. Et ad sed est quia quod incidunt. Ea nemo eius minima deleniti ipsa aperiam vel. Dolorem libero distinctio unde vel molestiae assumenda.', 0, '2020-10-11 09:29:57', '2020-10-11 09:29:57'),
(188, 170, 'Mr. Pablo Johnson DVM', 'Vero vitae neque aut vero quis et. Incidunt ea aut illum qui sint commodi. Non id et aut aut eius. Minima sint minima laboriosam deserunt voluptatem.', 3, '2020-10-11 09:29:57', '2020-10-11 09:29:57'),
(189, 186, 'Ines Bernhard', 'Vero temporibus voluptas quaerat non inventore est nam quisquam. Eum molestiae fugit quibusdam non ipsam eligendi quae. Vero voluptate consequatur harum qui non. Odit debitis qui delectus cumque recusandae voluptatem.', 4, '2020-10-11 09:29:57', '2020-10-11 09:29:57'),
(190, 10, 'Prof. Verlie Lind', 'Veritatis et neque ut quasi vel. Porro deserunt deleniti occaecati tempore temporibus eaque expedita. Consequatur et rem ea mollitia eveniet ipsam. Molestias tempora harum culpa iure cumque in dolorum.', 2, '2020-10-11 09:29:57', '2020-10-11 09:29:57'),
(191, 25, 'Kiley Koelpin III', 'Voluptate veritatis enim repudiandae corporis quia fugiat. Nesciunt veniam sunt quod fugit non pariatur culpa ea. Esse eligendi nesciunt est eos. Autem labore illum ut et incidunt rerum.', 3, '2020-10-11 09:29:57', '2020-10-11 09:29:57'),
(192, 181, 'Augustus Grady PhD', 'Dolore sapiente iure sint veniam dolorum. Et labore voluptate voluptate. Qui alias consequatur dolor fugiat optio.', 2, '2020-10-11 09:29:57', '2020-10-11 09:29:57'),
(193, 124, 'Ms. Lori Dibbert MD', 'Id alias minima in facere dolorem nam rerum. Rerum et officia fugiat voluptatum. Minima dolores pariatur autem qui id consequatur. Est sed sed omnis labore omnis quia voluptas voluptatem.', 0, '2020-10-11 09:29:57', '2020-10-11 09:29:57'),
(194, 131, 'Wyatt Ratke', 'Expedita dolore et qui ut. Magnam eos aut excepturi. Aliquam maxime neque cum aut eligendi possimus. Ut consequatur quis eligendi voluptas voluptatem dolores. Quia voluptas facilis necessitatibus voluptas.', 1, '2020-10-11 09:29:57', '2020-10-11 09:29:57'),
(195, 219, 'Nikita Morar', 'Porro iure quia distinctio. Nihil fuga ad qui numquam repellendus.', 0, '2020-10-11 09:29:57', '2020-10-11 09:29:57'),
(196, 32, 'Darrin Jast', 'Amet consequatur hic alias dolor. Amet quis quasi quia incidunt voluptate. Et animi iure animi sequi ea est. Distinctio quos consequatur sed.', 0, '2020-10-11 09:29:57', '2020-10-11 09:29:57'),
(197, 126, 'Itzel Kuphal', 'Ab dolorem quae sit quas error. Accusantium vitae consequatur est adipisci occaecati repellat voluptas impedit. Beatae illum nihil nihil nostrum ex ullam fugiat. Deserunt et nihil vitae odio rem eveniet at. Et quae neque laboriosam doloribus quaerat aliquid.', 4, '2020-10-11 09:29:57', '2020-10-11 09:29:57'),
(198, 147, 'Ada Collins PhD', 'Nemo neque est deleniti qui cupiditate delectus. Explicabo eveniet aut omnis inventore et laborum eaque. Consequatur unde ea vero et consectetur ab.', 2, '2020-10-11 09:29:57', '2020-10-11 09:29:57'),
(199, 180, 'Mr. Cory Smitham Jr.', 'Eveniet eaque minus vel blanditiis. Quidem incidunt accusamus dicta sapiente. Voluptatum laudantium perspiciatis qui est. Minima perspiciatis animi eligendi.', 5, '2020-10-11 09:29:57', '2020-10-11 09:29:57'),
(200, 188, 'Mr. Dell Ryan II', 'Reprehenderit et repellendus itaque nisi labore qui voluptatum id. Sunt possimus ab voluptatum quod id consequatur. Non illum qui dolore voluptas laboriosam. Beatae quis expedita eligendi reprehenderit maxime.', 5, '2020-10-11 09:29:57', '2020-10-11 09:29:57'),
(201, 82, 'Ms. Birdie Kautzer IV', 'Atque aliquam distinctio necessitatibus consequatur. Saepe ullam corporis pariatur eum harum. Tempora nihil ut voluptas maxime modi. Libero ipsa velit itaque reprehenderit.', 1, '2020-10-11 09:29:57', '2020-10-11 09:29:57'),
(202, 180, 'Prof. Cedrick Schumm', 'Aut omnis aut iusto ut dolor est. Accusamus repudiandae sed corporis quia ullam dolores deleniti qui. Dicta voluptatibus commodi praesentium mollitia sit voluptas et. Aut totam ad quas blanditiis at.', 5, '2020-10-11 09:29:58', '2020-10-11 09:29:58'),
(203, 5, 'Armand Wisozk', 'Qui laborum consequatur eveniet amet saepe quia iste et. Earum sint reiciendis sunt ut porro nemo.', 2, '2020-10-11 09:29:58', '2020-10-11 09:29:58'),
(204, 145, 'Misael Crona', 'Assumenda quas repudiandae autem adipisci. Dolore natus temporibus dolor velit qui voluptas nostrum. Ut et modi et eos. Saepe rerum odio tempore doloribus molestiae ut.', 0, '2020-10-11 09:29:58', '2020-10-11 09:29:58'),
(205, 70, 'Prof. Hester McDermott', 'Occaecati quod possimus accusamus. Doloribus et natus porro est natus id. Eaque unde maxime accusamus tempora eum et maiores. Sit vitae omnis inventore.', 1, '2020-10-11 09:29:58', '2020-10-11 09:29:58'),
(206, 9, 'Mrs. Isabel Tremblay II', 'Eum iusto quia voluptas suscipit minus id. Qui laborum a sunt iste et qui. Unde est sint animi consequuntur magnam quasi voluptatem quis. Dignissimos quis cumque voluptatem asperiores et et fugit.', 2, '2020-10-11 09:29:58', '2020-10-11 09:29:58'),
(207, 25, 'Sherman Mraz', 'Dolor facere deserunt rem accusamus. Ut earum asperiores fugiat quia distinctio quod facilis veritatis. Commodi eveniet totam ad quam rerum quae unde. Fugit sed est aut adipisci veniam.', 3, '2020-10-11 09:29:58', '2020-10-11 09:29:58'),
(208, 1, 'Audra Blick', 'Maiores impedit aut adipisci et accusantium neque quam ea. Exercitationem deleniti quis praesentium occaecati atque. Perferendis exercitationem ea perferendis aliquid. Consequatur quia cum soluta fuga ipsa.', 4, '2020-10-11 09:29:58', '2020-10-11 09:29:58');
INSERT INTO `reviews` (`id`, `product_id`, `customer`, `reviews`, `star`, `created_at`, `updated_at`) VALUES
(209, 149, 'Keshawn Raynor', 'Nam vel reprehenderit sunt harum. Iste illo officiis id atque nesciunt facilis ad. Quas dignissimos nemo cumque dolor vel vero. Non molestiae eveniet dolor non.', 5, '2020-10-11 09:29:58', '2020-10-11 09:29:58'),
(210, 92, 'Stephany Muller', 'Voluptatem voluptate ipsa aut quia. Veritatis nam corporis temporibus porro commodi impedit nemo. Nisi architecto est sunt et quibusdam et rerum. Odio numquam voluptatem accusantium exercitationem ut dicta.', 3, '2020-10-11 09:29:58', '2020-10-11 09:29:58'),
(211, 187, 'Ms. Dejah Wilderman IV', 'Et tempore autem ut officia. Praesentium doloremque veritatis tempora iure quae consectetur.', 5, '2020-10-11 09:29:58', '2020-10-11 09:29:58'),
(212, 153, 'Bella Schuppe', 'Facilis doloremque a ipsum rerum est suscipit rem. Voluptatem quam quo voluptas est in. Illum molestiae perferendis ipsa temporibus. A quia molestias cum nesciunt nihil veritatis voluptas.', 3, '2020-10-11 09:29:58', '2020-10-11 09:29:58'),
(213, 44, 'Ms. Francesca Wisoky DDS', 'Est beatae numquam ut saepe voluptas quaerat quasi. Reprehenderit mollitia molestias soluta impedit sit. Aspernatur nobis reiciendis laudantium. Suscipit est dolor illum quasi ea et.', 2, '2020-10-11 09:29:58', '2020-10-11 09:29:58'),
(214, 199, 'Taurean Dach', 'Amet dolores saepe enim temporibus. Quam rem aut consequatur eos doloribus assumenda explicabo. Et minima sunt eos ab inventore voluptas. Et facilis sunt id ipsam rerum et aspernatur sit.', 3, '2020-10-11 09:29:58', '2020-10-11 09:29:58'),
(215, 159, 'Margarita Kulas', 'Ratione et cumque pariatur animi est. Excepturi autem est quasi et. Consequatur non dolor quas. Quis quia repellat dicta alias nostrum soluta. Eos reprehenderit nulla amet pariatur facilis omnis dolores.', 4, '2020-10-11 09:29:58', '2020-10-11 09:29:58'),
(216, 18, 'Felipe Hoppe', 'Tempora reiciendis vel quia et qui. Consequatur labore sit in sint veniam. Nihil pariatur natus sapiente voluptates cumque officia. Corporis pariatur perspiciatis laboriosam. Iusto vel et ducimus consectetur et molestiae voluptatem.', 4, '2020-10-11 09:29:58', '2020-10-11 09:29:58'),
(217, 206, 'Desiree Hauck Sr.', 'Quis sequi blanditiis qui itaque libero. Beatae eligendi voluptatem rerum sed cum adipisci alias magni. Et illo possimus ea placeat laudantium quidem.', 3, '2020-10-11 09:29:58', '2020-10-11 09:29:58'),
(218, 120, 'Prof. Amya Cartwright', 'Quisquam velit repellat quod. Dolore minus quia dolorem nihil repudiandae debitis. Molestiae dolor at sit quos nesciunt voluptas id.', 1, '2020-10-11 09:29:58', '2020-10-11 09:29:58'),
(219, 82, 'Zora Bogisich', 'Ducimus illo vel dignissimos dolores. At ut deleniti est necessitatibus. Corporis ad provident quas. Aut excepturi dolorum enim repellendus dolor.', 1, '2020-10-11 09:29:58', '2020-10-11 09:29:58'),
(220, 62, 'Dr. Alexandre Streich', 'Ducimus autem culpa autem. Fugit explicabo optio omnis et ut explicabo. Tempora velit dolores quod. Architecto qui vel saepe sunt reprehenderit.', 2, '2020-10-11 09:29:58', '2020-10-11 09:29:58'),
(221, 33, 'Olaf Lowe', 'Vitae incidunt dolorem minus similique. Laborum accusamus eos alias expedita dolores. Iste quae perspiciatis cum voluptas incidunt ut. Repudiandae aut eos voluptatum.', 4, '2020-10-11 09:29:58', '2020-10-11 09:29:58'),
(222, 92, 'Corine Weber', 'Ut soluta quos consequatur fuga atque unde. Corporis incidunt nulla repudiandae fugiat eaque quos. Laudantium sint sunt repellat fugit porro. Dolores rerum ipsam aut consequatur.', 5, '2020-10-11 09:29:58', '2020-10-11 09:29:58'),
(223, 105, 'Kevon Nitzsche', 'Voluptatem illo libero aut natus sit molestias et. Adipisci officia reiciendis ut quod neque. Minima expedita aut eos iste molestias veritatis voluptatibus. Dolorem quis qui nobis incidunt odio quia mollitia.', 2, '2020-10-11 09:29:58', '2020-10-11 09:29:58'),
(224, 6, 'Samara VonRueden', 'Et alias omnis eius voluptate. Id dolorem dolor eligendi sapiente mollitia accusamus. Voluptatibus aut dolorum commodi esse voluptate aut voluptas dolores.', 5, '2020-10-11 09:29:58', '2020-10-11 09:29:58'),
(225, 18, 'Cloyd Schmeler', 'Ratione molestiae exercitationem nostrum. Repudiandae eos aut omnis ducimus accusamus sunt quo. Temporibus dignissimos maiores illum occaecati quis a esse.', 4, '2020-10-11 09:29:59', '2020-10-11 09:29:59'),
(226, 134, 'Chaya Kohler DDS', 'Aliquid incidunt fuga rem molestiae a id temporibus. Quisquam provident est delectus esse. Est aliquid voluptate ratione quis et quis labore iusto. Non quam tempore voluptates quaerat quo doloribus esse dolorem. Non quisquam voluptate ipsam.', 3, '2020-10-11 09:29:59', '2020-10-11 09:29:59'),
(227, 110, 'Prof. Luis Sporer', 'Magni ut omnis eius provident est. Dicta rerum quis placeat quis esse illo. Nisi blanditiis est aspernatur dolorem amet. Inventore dolorem nihil sed soluta nihil eveniet libero.', 4, '2020-10-11 09:29:59', '2020-10-11 09:29:59'),
(228, 219, 'Angelo Skiles', 'Aliquid ad nemo omnis praesentium laboriosam culpa sed. Molestiae nihil voluptatem voluptas nihil. Ratione aut harum laboriosam. Esse molestiae in quia.', 5, '2020-10-11 09:29:59', '2020-10-11 09:29:59'),
(229, 44, 'Prof. Eduardo Borer', 'Culpa ut aut unde voluptas dolores. Accusamus nesciunt et possimus unde eos exercitationem. Vero voluptatem ex minus ut cum. Et accusantium quis excepturi explicabo voluptates natus.', 5, '2020-10-11 09:29:59', '2020-10-11 09:29:59'),
(230, 122, 'Dr. Delbert Nienow DDS', 'Animi aperiam aliquam laboriosam et modi molestiae ipsam. Natus nihil dolor nostrum est harum deserunt cumque soluta. Ab sed saepe voluptatem quidem rem odio incidunt ut. Quibusdam dolorem beatae aut et eum sed incidunt.', 0, '2020-10-11 09:29:59', '2020-10-11 09:29:59'),
(231, 203, 'Ara Gottlieb', 'Totam illum impedit doloremque corporis quo qui. Et quaerat quia quidem quia. Quas voluptates aut dolor minima at. Dolor voluptatibus velit repudiandae suscipit quod enim.', 5, '2020-10-11 09:29:59', '2020-10-11 09:29:59'),
(232, 154, 'Prof. Warren Schowalter', 'Dolorem voluptas ipsum velit explicabo. Est asperiores error eaque beatae omnis beatae eveniet. Inventore reiciendis eos voluptatibus vero dicta.', 0, '2020-10-11 09:29:59', '2020-10-11 09:29:59'),
(233, 51, 'Madaline Howe', 'Omnis ut et corrupti harum autem nisi. Voluptas quo et qui ut et cum sit. Ex blanditiis error maxime deserunt ut unde vel. Est fugit voluptatem provident quisquam quidem.', 3, '2020-10-11 09:29:59', '2020-10-11 09:29:59'),
(234, 135, 'Mireille West', 'Quia et aut a consequatur. Nulla rerum rerum et quod iusto reprehenderit sunt minus. Quis quas ut voluptatibus est facere.', 4, '2020-10-11 09:29:59', '2020-10-11 09:29:59'),
(235, 161, 'Christ Walker', 'Aut soluta cumque aut velit. At et pariatur voluptas officiis esse.', 4, '2020-10-11 09:29:59', '2020-10-11 09:29:59'),
(236, 8, 'Leonel Veum DVM', 'Et quasi sint id maiores voluptatibus accusantium asperiores. Esse et est fuga. Non consequatur nam accusantium dolores magni soluta. Est adipisci ut ipsam dignissimos voluptatem. Perferendis fugiat debitis quasi.', 4, '2020-10-11 09:29:59', '2020-10-11 09:29:59'),
(237, 191, 'Prof. Adonis Zulauf V', 'Magni debitis qui recusandae dolores voluptates. Ea id voluptatibus magnam quo excepturi voluptas ut. Dolorem aut omnis ut soluta.', 1, '2020-10-11 09:29:59', '2020-10-11 09:29:59'),
(238, 7, 'Camille O\'Keefe', 'Debitis sit et sit qui sed. Ab rem ut aut blanditiis. Ullam minus qui omnis voluptatem mollitia.', 0, '2020-10-11 09:30:00', '2020-10-11 09:30:00'),
(239, 157, 'Norval Hagenes', 'Dolores sapiente sit ut eum hic autem. Cumque explicabo quis quia delectus quo. Ut voluptatibus delectus quia rem eum provident ad.', 1, '2020-10-11 09:30:00', '2020-10-11 09:30:00'),
(240, 136, 'Cristian Luettgen', 'Consequatur corporis consectetur a aut doloribus. Dolores dolorem dolorem sunt adipisci. Aut molestiae exercitationem eligendi sapiente consequatur est autem et.', 4, '2020-10-11 09:30:00', '2020-10-11 09:30:00'),
(241, 12, 'Ashly Gibson Sr.', 'Eum ut quidem vitae quos. Est accusamus et minima amet et. Autem minima illum quis rerum. Ducimus recusandae est et rem.', 0, '2020-10-11 09:30:00', '2020-10-11 09:30:00'),
(242, 118, 'Kara Koepp', 'Atque ut consequatur porro eaque nobis sit. Beatae minima quod fugit possimus. Aliquid at in repudiandae praesentium molestiae iusto. Praesentium sint eligendi ducimus nostrum et qui aperiam. Dolores dicta quia tempore qui consequatur debitis ut.', 4, '2020-10-11 09:30:00', '2020-10-11 09:30:00'),
(243, 136, 'Osbaldo Corkery', 'Veniam architecto commodi eligendi et. Corporis mollitia voluptas perferendis est. Occaecati iste voluptatem molestiae assumenda eveniet fugit veritatis. Ipsa quaerat fuga officiis sit.', 2, '2020-10-11 09:30:00', '2020-10-11 09:30:00'),
(244, 84, 'Ronaldo Maggio', 'Vitae itaque dolor aut et quo praesentium rerum. At molestiae voluptatem at non autem quasi perspiciatis. Excepturi corporis saepe quis eos illum repellat doloribus tempore. Hic rem tempora sunt amet.', 1, '2020-10-11 09:30:00', '2020-10-11 09:30:00'),
(245, 134, 'Serenity Ledner', 'Tempore ipsam pariatur ut ducimus. Omnis ut eaque sit corporis. Pariatur sit id sit voluptas nihil adipisci. Expedita dolorum incidunt ipsam est explicabo nemo labore.', 4, '2020-10-11 09:30:00', '2020-10-11 09:30:00'),
(246, 124, 'Mr. Milford Jenkins Sr.', 'Odit tenetur incidunt tenetur. Fugiat vero odit quo enim amet dolor. Alias nihil et eos.', 4, '2020-10-11 09:30:00', '2020-10-11 09:30:00'),
(247, 151, 'Miss Nicolette Beahan', 'Eius sit et dignissimos quae. Saepe autem et beatae id itaque.', 5, '2020-10-11 09:30:00', '2020-10-11 09:30:00'),
(248, 160, 'Walton Block', 'Placeat numquam pariatur atque dolorem quia at officiis. Atque natus sapiente dolorum quos tempora natus. Commodi commodi doloremque iste doloribus temporibus totam architecto eaque.', 2, '2020-10-11 09:30:00', '2020-10-11 09:30:00'),
(249, 1, 'Guiseppe Considine', 'Veritatis maiores a deleniti quo autem rem. Repellendus magni unde rerum blanditiis non perspiciatis ea. Neque quis in suscipit enim earum ex.', 5, '2020-10-11 09:30:00', '2020-10-11 09:30:00'),
(250, 122, 'Roxane Walter', 'Eos repellendus nostrum reiciendis quis temporibus et delectus. Sunt saepe esse et laborum. Perspiciatis natus quam corrupti cum sit. Sed tempore consequatur eum eius est. Animi quis dicta qui et assumenda rerum dolores.', 5, '2020-10-11 09:30:00', '2020-10-11 09:30:00'),
(251, 216, 'Arlene Murazik', 'Ipsum laboriosam molestias qui rerum et inventore velit. At sequi totam rem consequuntur et numquam placeat ut. In omnis accusantium sed inventore voluptas perspiciatis eaque adipisci.', 3, '2020-10-11 09:30:00', '2020-10-11 09:30:00'),
(252, 218, 'Miss Adele Zieme', 'Deserunt et distinctio vero ut facilis. Veniam voluptatem aut quas cupiditate commodi nemo. Quia voluptatem facere quisquam nemo sed nulla reprehenderit. Natus corporis officia quasi inventore culpa et omnis.', 2, '2020-10-11 09:30:00', '2020-10-11 09:30:00'),
(253, 2, 'Dr. Maxime Sipes', 'Earum saepe distinctio molestiae qui itaque rerum. Reiciendis voluptatem officiis dolor ipsum sit. Reprehenderit nemo numquam fuga blanditiis et. Amet dolores et alias aut repudiandae.', 5, '2020-10-11 09:30:00', '2020-10-11 09:30:00'),
(254, 37, 'Clay Harvey', 'Quae dolor et fugit ut sunt cum nisi qui. Modi ratione deserunt consequuntur veniam. Quia voluptas quisquam quae quasi.', 2, '2020-10-11 09:30:00', '2020-10-11 09:30:00'),
(255, 67, 'Earlene Pagac', 'Asperiores ab molestias dolores. Deleniti facilis et nihil libero maxime. A aliquid assumenda aperiam id.', 5, '2020-10-11 09:30:00', '2020-10-11 09:30:00'),
(256, 208, 'Hardy Crona', 'Sit quia est atque quae cum itaque. Iste sit eveniet facilis. Laborum nesciunt esse ab ut. Ea commodi sed ab numquam.', 4, '2020-10-11 09:30:00', '2020-10-11 09:30:00'),
(257, 101, 'Marquise Osinski', 'Odio ut sit velit eos. Temporibus et sequi nemo consequatur non eveniet molestias reprehenderit. Eum porro expedita labore voluptatum saepe. Minus sed qui ducimus libero aut. Similique nisi autem aut possimus quia distinctio.', 3, '2020-10-11 09:30:00', '2020-10-11 09:30:00'),
(258, 19, 'Abel Satterfield', 'Possimus et sed voluptas ea maxime maiores. Animi rerum minima rem suscipit itaque. Cumque velit et ipsam dignissimos omnis atque aut deleniti.', 2, '2020-10-11 09:30:00', '2020-10-11 09:30:00'),
(259, 211, 'Dr. Henry Kulas IV', 'Praesentium aut voluptate vero. Incidunt deleniti blanditiis adipisci amet. Reprehenderit vel repellendus corrupti non.', 2, '2020-10-11 09:30:01', '2020-10-11 09:30:01'),
(260, 43, 'Adolfo Hartmann Sr.', 'Eligendi sunt facilis nulla aut mollitia id fugiat optio. Vel eos et vero quibusdam voluptas quibusdam unde. Dolor culpa est excepturi facere exercitationem.', 1, '2020-10-11 09:30:01', '2020-10-11 09:30:01'),
(261, 167, 'Natalie Ortiz', 'Veniam consequatur itaque veritatis corporis quas voluptas rerum. Voluptatum asperiores impedit aliquid quia ipsam. Sint sint ex placeat. Voluptas eveniet eaque non quas hic soluta.', 0, '2020-10-11 09:30:01', '2020-10-11 09:30:01'),
(262, 124, 'Robin Baumbach IV', 'Accusamus eum sint quia suscipit distinctio vel quaerat odio. Consequatur quia qui nihil consequatur iusto in qui. Pariatur ratione consequatur et aperiam libero nostrum. Vel porro laborum at.', 0, '2020-10-11 09:30:01', '2020-10-11 09:30:01'),
(263, 53, 'Lulu Schmitt', 'Dolor tempore quod modi id. Sequi maxime cupiditate iste enim in blanditiis consequatur. Ratione perspiciatis pariatur ex dolorem nam odit amet quis. Et asperiores eos veritatis corporis et.', 3, '2020-10-11 09:30:01', '2020-10-11 09:30:01'),
(264, 174, 'Daphney Kirlin', 'Natus repellat laborum dolore et. Quis unde nam debitis qui ratione rerum nesciunt. Asperiores nihil molestiae ipsa consequuntur aut.', 4, '2020-10-11 09:30:01', '2020-10-11 09:30:01'),
(265, 77, 'Ms. Priscilla Morissette', 'Aperiam voluptatem natus dolor odio perspiciatis consequatur quia excepturi. Culpa ullam aliquam eum veritatis ullam. Exercitationem qui nobis at molestiae ab consectetur. Libero veniam nihil nisi beatae.', 3, '2020-10-11 09:30:01', '2020-10-11 09:30:01'),
(266, 197, 'Taylor Glover', 'Expedita neque qui eos quasi quasi est tenetur. Dignissimos deleniti quos eos. Provident aspernatur dignissimos rerum quidem ut omnis.', 3, '2020-10-11 09:30:01', '2020-10-11 09:30:01'),
(267, 139, 'Vivien Brakus', 'Aut asperiores vitae repellendus. Nam fuga tempora dolores quaerat. Et est libero quasi error.', 1, '2020-10-11 09:30:01', '2020-10-11 09:30:01'),
(268, 181, 'Jamison Beahan', 'Minus cupiditate sunt perferendis asperiores quae. Rerum reprehenderit debitis occaecati soluta quos et sequi. Minus nihil quia tempora reiciendis sit. Quasi necessitatibus et assumenda officia quisquam. Impedit rem quibusdam vero dolorum possimus et.', 5, '2020-10-11 09:30:01', '2020-10-11 09:30:01'),
(269, 3, 'Omer Lubowitz', 'Quod dolor veniam sit delectus nisi rerum. Et delectus culpa qui et. Placeat perferendis quo omnis maxime ut fuga. Ut et corporis neque ut quis deleniti.', 2, '2020-10-11 09:30:01', '2020-10-11 09:30:01'),
(270, 20, 'Dr. Miguel Lockman DDS', 'Ipsa est quam adipisci dolorem. Consequatur minus porro laborum totam fuga quam. Voluptas quae earum accusantium repellat aut.', 0, '2020-10-11 09:30:01', '2020-10-11 09:30:01'),
(271, 216, 'Tommie Boyer', 'Voluptatum et a voluptatem voluptatem delectus molestiae quas. Sit voluptas earum et maxime vero sunt natus officia. Omnis nihil et delectus recusandae vel impedit. Rem sed suscipit possimus possimus.', 4, '2020-10-11 09:30:01', '2020-10-11 09:30:01'),
(272, 196, 'Viva Waters Sr.', 'Est tenetur tenetur ipsam est sapiente veniam. Nobis eaque quaerat explicabo aut eaque. Harum minus ullam illum praesentium.', 2, '2020-10-11 09:30:01', '2020-10-11 09:30:01'),
(273, 92, 'Lurline Abernathy Sr.', 'Perspiciatis voluptatem quae voluptatibus et. Voluptatem eaque eum ab explicabo recusandae similique.', 5, '2020-10-11 09:30:01', '2020-10-11 09:30:01'),
(274, 212, 'Brendon Casper', 'Nulla nisi repudiandae et consectetur dolor. Est voluptas consequatur dolores quas. Et aut est porro dolore necessitatibus tempora assumenda.', 0, '2020-10-11 09:30:01', '2020-10-11 09:30:01'),
(275, 132, 'Rusty Dickens', 'Maiores distinctio nam sit optio modi. Excepturi omnis quia explicabo dolores non deleniti aut. Amet quas qui cupiditate commodi eligendi aliquam repudiandae.', 2, '2020-10-11 09:30:01', '2020-10-11 09:30:01'),
(276, 41, 'Prof. Concepcion Morissette', 'Dolores est cum at inventore consequatur possimus blanditiis sit. Velit deleniti recusandae necessitatibus nihil id sunt. Dignissimos esse ea est incidunt ut ut.', 4, '2020-10-11 09:30:01', '2020-10-11 09:30:01'),
(277, 176, 'Karlie Gleason Jr.', 'Consequuntur quia dolor iure error quis aut ad. Dolores voluptatem et ducimus quia. Excepturi nemo qui inventore voluptas blanditiis et et soluta. Quidem quibusdam tempora quo voluptas.', 5, '2020-10-11 09:30:01', '2020-10-11 09:30:01'),
(278, 151, 'Dr. Jon D\'Amore Jr.', 'Eos asperiores voluptatem in dolores laudantium molestiae. Saepe sit aut officia sequi saepe vel minima. Consequuntur temporibus maxime accusantium sapiente modi dolor ea et. Voluptatum maxime iure recusandae dolores omnis quibusdam.', 2, '2020-10-11 09:30:01', '2020-10-11 09:30:01'),
(279, 183, 'Nikki Schmidt I', 'Mollitia et et temporibus dolore nam nesciunt. Reiciendis eum enim tempore perspiciatis dolorem aut. Et quia nobis qui iste sint.', 4, '2020-10-11 09:30:01', '2020-10-11 09:30:01'),
(280, 172, 'Claudie Parker', 'Adipisci similique ut sit laudantium dolorem expedita et error. Et tempora labore ducimus nisi et. Temporibus rerum odit consequatur consequatur cum architecto. Rerum optio totam nobis ab omnis tempora qui ipsa. Et dolorum quia reprehenderit accusamus.', 0, '2020-10-11 09:30:02', '2020-10-11 09:30:02'),
(281, 20, 'Mr. Jerry Senger', 'Perferendis repudiandae harum et nam. A temporibus aliquam minima et eum ex tempore. Ut reiciendis quod nisi similique quod qui.', 2, '2020-10-11 09:30:02', '2020-10-11 09:30:02'),
(282, 20, 'Melba Streich', 'Quas rerum laborum doloremque dignissimos mollitia ut perferendis. Omnis deserunt laudantium consequatur iste est. Necessitatibus saepe iste veniam ut reiciendis.', 3, '2020-10-11 09:30:02', '2020-10-11 09:30:02'),
(283, 183, 'Mr. Cary Renner', 'Sunt harum voluptas tempore aut delectus sequi corporis repudiandae. Molestiae ducimus numquam amet iste. Quod commodi ullam facilis harum veniam. Quia error corporis tenetur.', 0, '2020-10-11 09:30:02', '2020-10-11 09:30:02'),
(284, 148, 'Mr. Joseph Stoltenberg', 'Quia quam reiciendis at eveniet hic. Consequuntur dolorum magni voluptas consequatur eos. Voluptatem est qui sunt enim. A et et adipisci aliquam est.', 2, '2020-10-11 09:30:02', '2020-10-11 09:30:02'),
(285, 137, 'Prof. Terrance Smith II', 'Consectetur repellat occaecati quibusdam sit ipsum. Ut molestias sed saepe. Quae aut quisquam deleniti vel minus. Aut magnam quam provident consequatur et.', 3, '2020-10-11 09:30:02', '2020-10-11 09:30:02'),
(286, 192, 'Mr. Keagan Hagenes', 'Sit eos ut sit ut. Ad in dicta voluptatum quam ratione quia. Fugit tenetur architecto rerum nisi velit cupiditate dignissimos. Est vel labore ipsa nulla temporibus cumque at.', 2, '2020-10-11 09:30:02', '2020-10-11 09:30:02'),
(287, 55, 'Mr. Nicklaus Schumm', 'Inventore enim esse adipisci sit voluptates quas. Sed commodi et sapiente ipsam ut. Eligendi consequatur sed unde et ullam eius.', 4, '2020-10-11 09:30:02', '2020-10-11 09:30:02'),
(288, 136, 'Antwan Daugherty', 'Tenetur rerum iusto dolores consectetur asperiores nihil doloremque sint. Illum tempore labore dolores dolore animi omnis unde. Reiciendis ipsum eos dolore suscipit ipsa id. Aspernatur perferendis deleniti aut itaque qui rerum.', 3, '2020-10-11 09:30:02', '2020-10-11 09:30:02'),
(289, 115, 'Nedra Jast', 'Iusto doloribus magni maxime. Dolor id et harum esse voluptate ut. Ex culpa asperiores velit itaque debitis aut. Aut consequatur consequatur ad magnam repellendus et.', 5, '2020-10-11 09:30:02', '2020-10-11 09:30:02'),
(290, 172, 'Abigayle Kovacek', 'Sit incidunt et quasi hic et. Unde quis modi maxime nisi. Quod molestias dolores reprehenderit asperiores. Et aliquam dignissimos sed non nulla tempore.', 3, '2020-10-11 09:30:02', '2020-10-11 09:30:02'),
(291, 48, 'Prof. Michale Muller IV', 'Dolorem et iste sunt. Omnis eligendi exercitationem totam nihil neque. Sunt omnis non voluptatibus. Velit nisi est natus ea soluta.', 1, '2020-10-11 09:30:02', '2020-10-11 09:30:02'),
(292, 159, 'Evelyn Langworth', 'Alias voluptate qui accusamus. Molestiae numquam ducimus sit temporibus. Et et fuga commodi consequatur unde ut id.', 2, '2020-10-11 09:30:02', '2020-10-11 09:30:02'),
(293, 123, 'Hollis Strosin', 'Temporibus nobis porro velit voluptates. Quis tenetur error repellat itaque iste. Voluptatem sed commodi iure. Et placeat inventore est est similique. Odit vero corrupti assumenda.', 5, '2020-10-11 09:30:02', '2020-10-11 09:30:02'),
(294, 1, 'Mr. Arvel Rogahn I', 'Possimus voluptas dolores illo nemo incidunt occaecati earum. Optio fugit perspiciatis repudiandae iste. Nam vitae voluptatem officiis. Voluptas quia dolores cupiditate maxime cumque.', 5, '2020-10-11 09:30:02', '2020-10-11 09:30:02'),
(295, 48, 'Prof. Tony Moen', 'Unde atque tempora nobis expedita. Eligendi ut quia fuga tempore. Est sunt vel in vero facere eveniet illum. Voluptatem magnam deserunt qui aperiam assumenda et. Et labore nostrum optio.', 2, '2020-10-11 09:30:02', '2020-10-11 09:30:02'),
(296, 8, 'Sasha Vandervort', 'Quia illum sed non fuga qui. Aspernatur quae ut quia eos eos maxime. Repellat laudantium aut veniam sunt. Ratione error vitae vitae recusandae hic similique dignissimos necessitatibus.', 4, '2020-10-11 09:30:02', '2020-10-11 09:30:02'),
(297, 213, 'Rhiannon Lemke', 'Quis sed aut blanditiis tempora. Voluptates vero quasi sit eaque tempora qui. Quo perferendis qui minima voluptatem dicta eligendi quisquam. Distinctio in cumque quam occaecati ad expedita non.', 4, '2020-10-11 09:30:02', '2020-10-11 09:30:02'),
(298, 187, 'Mrs. Elsa Swaniawski Sr.', 'Perferendis dolorum facilis quaerat unde sequi. Officiis labore ut voluptate veritatis excepturi sunt harum. Cumque voluptates molestiae qui modi.', 2, '2020-10-11 09:30:02', '2020-10-11 09:30:02'),
(299, 79, 'Madyson Upton', 'Distinctio vel aperiam consequatur eveniet illo voluptas numquam maxime. Magnam cum voluptatem iure odit debitis porro aut. Facilis est qui inventore mollitia et voluptate ullam. Quaerat facere et blanditiis commodi eveniet incidunt. Sunt quia sapiente asperiores corrupti.', 1, '2020-10-11 09:30:02', '2020-10-11 09:30:02'),
(300, 106, 'August Cole', 'Aut alias recusandae corrupti. Ea ipsam et doloribus dolorum sunt tempore vel aperiam. Voluptatem doloribus maxime delectus ad harum ratione voluptatem necessitatibus. Distinctio enim ad aut porro ad in ab.', 4, '2020-10-11 09:30:02', '2020-10-11 09:30:02');

-- --------------------------------------------------------

--
-- Table structure for table `users`
--

CREATE TABLE `users` (
  `id` bigint(20) UNSIGNED NOT NULL,
  `name` varchar(255) COLLATE utf8mb4_unicode_ci NOT NULL,
  `email` varchar(255) COLLATE utf8mb4_unicode_ci NOT NULL,
  `email_verified_at` timestamp NULL DEFAULT NULL,
  `password` varchar(255) COLLATE utf8mb4_unicode_ci NOT NULL,
  `remember_token` varchar(100) COLLATE utf8mb4_unicode_ci DEFAULT NULL,
  `created_at` timestamp NULL DEFAULT NULL,
  `updated_at` timestamp NULL DEFAULT NULL
) ENGINE=InnoDB DEFAULT CHARSET=utf8mb4 COLLATE=utf8mb4_unicode_ci;

--
-- Indexes for dumped tables
--

--
-- Indexes for table `failed_jobs`
--
ALTER TABLE `failed_jobs`
  ADD PRIMARY KEY (`id`);

--
-- Indexes for table `migrations`
--
ALTER TABLE `migrations`
  ADD PRIMARY KEY (`id`);

--
-- Indexes for table `password_resets`
--
ALTER TABLE `password_resets`
  ADD KEY `password_resets_email_index` (`email`);

--
-- Indexes for table `products`
--
ALTER TABLE `products`
  ADD PRIMARY KEY (`id`);

--
-- Indexes for table `reviews`
--
ALTER TABLE `reviews`
  ADD PRIMARY KEY (`id`),
  ADD KEY `reviews_product_id_index` (`product_id`);

--
-- Indexes for table `users`
--
ALTER TABLE `users`
  ADD PRIMARY KEY (`id`),
  ADD UNIQUE KEY `users_email_unique` (`email`);

--
-- AUTO_INCREMENT for dumped tables
--

--
-- AUTO_INCREMENT for table `failed_jobs`
--
ALTER TABLE `failed_jobs`
  MODIFY `id` bigint(20) UNSIGNED NOT NULL AUTO_INCREMENT;

--
-- AUTO_INCREMENT for table `migrations`
--
ALTER TABLE `migrations`
  MODIFY `id` int(10) UNSIGNED NOT NULL AUTO_INCREMENT, AUTO_INCREMENT=6;

--
-- AUTO_INCREMENT for table `products`
--
ALTER TABLE `products`
  MODIFY `id` int(10) UNSIGNED NOT NULL AUTO_INCREMENT, AUTO_INCREMENT=221;

--
-- AUTO_INCREMENT for table `reviews`
--
ALTER TABLE `reviews`
  MODIFY `id` int(10) UNSIGNED NOT NULL AUTO_INCREMENT, AUTO_INCREMENT=301;

--
-- AUTO_INCREMENT for table `users`
--
ALTER TABLE `users`
  MODIFY `id` bigint(20) UNSIGNED NOT NULL AUTO_INCREMENT;

--
-- Constraints for dumped tables
--

--
-- Constraints for table `reviews`
--
ALTER TABLE `reviews`
  ADD CONSTRAINT `reviews_product_id_foreign` FOREIGN KEY (`product_id`) REFERENCES `products` (`id`) ON DELETE CASCADE;
COMMIT;

/*!40101 SET CHARACTER_SET_CLIENT=@OLD_CHARACTER_SET_CLIENT */;
/*!40101 SET CHARACTER_SET_RESULTS=@OLD_CHARACTER_SET_RESULTS */;
/*!40101 SET COLLATION_CONNECTION=@OLD_COLLATION_CONNECTION */;
